Категория,Эффект,Уровень,Класс,Специализация,Роль,Фактическая аура,Spell ID,Возможностей,Встречено,Покрытие,Специфичность,Охват игроков,Босс-цель,Уверенность,Балл,Статус модели,Значение базы,Примечание
Физические бафы,Strength,Класс,Barbarian,Все специализации класса,Мили-DPS; Рейндж/кастер; Саппорт,Warband,560883,146,120,0.821917808219178,1,1,0,Высокая,0.9,На проверку,Flat Strength,Одна фактическая аура может закрывать несколько концептуальных эффектов; статистическая связь не доказывает механику.
Физические бафы,Agility,Класс,Barbarian,Все специализации класса,Мили-DPS; Рейндж/кастер; Саппорт,Warband,560883,146,120,0.821917808219178,1,1,0,Высокая,0.9,На проверку,Flat Agility,Одна фактическая аура может закрывать несколько концептуальных эффектов; статистическая связь не доказывает механику.
Физические бафы,Attack Power,Класс,Barbarian,Все специализации класса,Мили-DPS; Рейндж/кастер; Саппорт,Warband,560883,146,120,0.821917808219178,1,1,0,Высокая,0.9,На проверку,AP Flat (Shout),Одна фактическая аура может закрывать несколько концептуальных эффектов; статистическая связь не доказывает механику.
Утилити-бафы,Concentration,Класс,Barbarian,Все специализации класса,Мили-DPS; Рейндж/кастер; Саппорт,Warband,560883,146,120,0.821917808219178,1,1,0,Высокая,0.9,На проверку,Concentration (Berserker),Одна фактическая аура может закрывать несколько концептуальных эффектов; статистическая связь не доказывает механику.
Утилити-бафы,Armor,Спек,Barbarian,Ancestry,Саппорт,Frozen Blades,560821,43,41,0.9534883720930233,1,1,0,Высокая,0.9,На проверку,Armor (Devo),Одна фактическая аура может закрывать несколько концептуальных эффектов; статистическая связь не доказывает механику.
Утилити-бафы,Heroism | Bloodlust,Спек,Barbarian,Ancestry,Саппорт,Frozen Blades,560821,43,41,0.9534883720930233,1,1,0,Высокая,0.9,На проверку,Heroism,Одна фактическая аура может закрывать несколько концептуальных эффектов; статистическая связь не доказывает механику.
Магические дебафы,Resistance Reduction,Спек,Barbarian,Ancestry,Саппорт,Frostbite,2119752,43,39,0.9069767441860465,1,0,1,Высокая,0.9,На проверку,Resistance REDUCTION,Одна фактическая аура может закрывать несколько концептуальных эффектов; статистическая связь не доказывает механику.
Физические бафы,5% Attack Power,Спек,Barbarian,Brutality,Мили-DPS,Warband,560883,101,89,0.8811881188118812,0.5771034334069962,1,0,Средняя,0.7942758583517491,На проверку,Attack Power %,Одна фактическая аура может закрывать несколько концептуальных эффектов; статистическая связь не доказывает механику.
Физические дебафы,4% Physical Damage,Спек,Barbarian,Brutality,Мили-DPS,Wounded,570739,101,72,0.7128712871287128,0.9970095693779905,0,0.9166666666666666,Высокая,0.8579405111563787,На проверку,Phys Dmg Taken (4%),Одна фактическая аура может закрывать несколько концептуальных эффектов; статистическая связь не доказывает механику.
Физические дебафы,30% Bleed Damage,Спек,Barbarian,Brutality,Мили-DPS,Wounded,570739,101,72,0.7128712871287128,0.9970095693779905,0,0.9166666666666666,Высокая,0.8579405111563787,На проверку,Bleed Dmg Taken (30%),Одна фактическая аура может закрывать несколько концептуальных эффектов; статистическая связь не доказывает механику.
Физические дебафы,Armor Reduction,Спек,Barbarian,Brutality,Мили-DPS,Wounded,570739,101,72,0.7128712871287128,0.9970095693779905,0,0.9166666666666666,Высокая,0.8579405111563787,На проверку,% Armor Debuff,Одна фактическая аура может закрывать несколько концептуальных эффектов; статистическая связь не доказывает механику.
Утилити-бафы,3% Critical Strike (all),Спек,Barbarian,Headhunting,Рейндж/кастер,Berserker Aura,560543,25,25,1,0.22291666666666668,0.7,0,Средняя,0.6877291666666667,На проверку,All Crit (3%),Одна фактическая аура может закрывать несколько концептуальных эффектов; статистическая связь не доказывает механику.
Физические бафы,5% Attack Power,Спек,Barbarian,Headhunting,Рейндж/кастер,Berserker Aura,560543,25,25,1,0.22291666666666668,0.7,0,Средняя,0.6877291666666667,На проверку,Attack Power %,Одна фактическая аура может закрывать несколько концептуальных эффектов; статистическая связь не доказывает механику.
Физические дебафы,30% Bleed Damage,Спек,Barbarian,Headhunting,Рейндж/кастер,Puncture Wound,804143,25,25,1,1,0,1,Высокая,0.9,На проверку,Bleed Dmg Taken (30%),Одна фактическая аура может закрывать несколько концептуальных эффектов; статистическая связь не доказывает механику.
Утилити-дебафы,Healing Reduction,Спек,Barbarian,Headhunting,Рейндж/кастер,Puncture Wound,804143,25,25,1,1,0,1,Высокая,0.9,На проверку,Healing Reduc (30-50%),Одна фактическая аура может закрывать несколько концептуальных эффектов; статистическая связь не доказывает механику.
Утилити-бафы,Small Resistances (all),Класс,Witch Doctor,Все специализации класса,Рейндж/кастер; Хилер,Splash Potion: Jungle Shrooms,803698,190,107,0.5631578947368421,1,0.782608695652174,0,Высокая,0.8053333333333333,На проверку,Small All Resist,Одна фактическая аура может закрывать несколько концептуальных эффектов; статистическая связь не доказывает механику.
Кастерские бафы,Intellect,Класс,Witch Doctor,Все специализации класса,Рейндж/кастер; Хилер,Splash Potion: Jungle Shrooms,803698,190,107,0.5631578947368421,1,0.782608695652174,0,Высокая,0.8053333333333333,На проверку,Flat Intellect,Одна фактическая аура может закрывать несколько концептуальных эффектов; статистическая связь не доказывает механику.
Кастерские бафы,Spirit,Класс,Witch Doctor,Все специализации класса,Рейндж/кастер; Хилер,Splash Potion: Jungle Shrooms,803698,190,107,0.5631578947368421,1,0.782608695652174,0,Высокая,0.8053333333333333,На проверку,Flat Spirit,Одна фактическая аура может закрывать несколько концептуальных эффектов; статистическая связь не доказывает механику.
Кастерские бафы,Mana Regeneration,Класс,Witch Doctor,Все специализации класса,Рейндж/кастер; Хилер,Splash Potion: Jungle Shrooms,803698,190,107,0.5631578947368421,1,0.782608695652174,0,Высокая,0.8053333333333333,На проверку,Mp5,Одна фактическая аура может закрывать несколько концептуальных эффектов; статистическая связь не доказывает механику.
Утилити-бафы,5% Resource Reduction,Класс,Witch Doctor,Все специализации класса,Рейндж/кастер; Хилер,Greater Resourceful Wuju,800195,190,88,0.4631578947368421,1,0.9591666666666667,0,Высокая,0.8546666666666667,На проверку,Cost Reduction (5%),Одна фактическая аура может закрывать несколько концептуальных эффектов; статистическая связь не доказывает механику.
Утилити-дебафы,Cast Speed Slow,Класс,Witch Doctor,Все специализации класса,Рейндж/кастер; Хилер,Hex of Malice,504608,190,166,0.8736842105263158,1,0,1,Высокая,0.9,На проверку,Cast Slow 30%,Одна фактическая аура может закрывать несколько концептуальных эффектов; статистическая связь не доказывает механику.
Физические бафы,10% Melee & Range Haste,Спек,Witch Doctor,Shadowhunting,Рейндж/кастер,Berserking,705926,89,88,0.9887640449438202,0.986422708618331,0.05,0,Средняя,0.6446056771545827,На проверку,Melee/Range Haste (10%),Одна фактическая аура может закрывать несколько концептуальных эффектов; статистическая связь не доказывает механику.
Кастерские бафы,3% Spell Haste,Спек,Witch Doctor,Shadowhunting,Рейндж/кастер,Berserking,705926,89,88,0.9887640449438202,0.986422708618331,0.05,0,Средняя,0.6446056771545827,На проверку,Spell Haste (3%),Одна фактическая аура может закрывать несколько концептуальных эффектов; статистическая связь не доказывает механику.
Физические бафы,5% Attack Power,Спек,Witch Doctor,Shadowhunting,Рейндж/кастер,Berserking,705926,89,88,0.9887640449438202,0.986422708618331,0.05,0,Средняя,0.6446056771545827,На проверку,Attack Power %,Одна фактическая аура может закрывать несколько концептуальных эффектов; статистическая связь не доказывает механику.
Магические дебафы,Resistance Reduction,Спек,Witch Doctor,Shadowhunting,Рейндж/кастер,Eye of Kimbul,802707,89,89,1,1,0,1,Высокая,0.9,На проверку,Resistance REDUCTION,Одна фактическая аура может закрывать несколько концептуальных эффектов; статистическая связь не доказывает механику.
Кастерские бафы,3% Spell Haste,Спек,Witch Doctor,Voodoo,Рейндж/кастер,Born in Blood,560521,74,49,0.6621621621621622,0.012270852258343137,1,0,Средняя,0.6085632085600814,На проверку,Spell Haste (3%),Одна фактическая аура может закрывать несколько концептуальных эффектов; статистическая связь не доказывает механику.
Утилити-бафы,3% Damage Done (all),Спек,Witch Doctor,Voodoo,Рейндж/кастер,Born in Blood,560521,74,49,0.6621621621621622,0.012270852258343137,1,0,Средняя,0.6085632085600814,На проверку,All Damage Done (3%),Одна фактическая аура может закрывать несколько концептуальных эффектов; статистическая связь не доказывает механику.
Утилити-дебафы,Attack Speed Slow,Спек,Witch Doctor,Voodoo,Рейндж/кастер,Puppeteer’s Threads,572836,74,74,1,1,0,1,Высокая,0.9,На проверку,Attack Speed (Slow),Одна фактическая аура может закрывать несколько концептуальных эффектов; статистическая связь не доказывает механику.
Магические дебафы,Resistance Reduction,Спек,Witch Doctor,Voodoo,Рейндж/кастер,Puppeteer’s Threads,572836,74,74,1,1,0,1,Высокая,0.9,На проверку,Resistance REDUCTION,Одна фактическая аура может закрывать несколько концептуальных эффектов; статистическая связь не доказывает механику.
Кастерские бафы,3% Spell Haste,Спек,Witch Doctor,Brewing,Хилер,Splash Potion: Jungle Shrooms,803698,107,107,1,1,0.782608695652174,0,Высокая,0.9,На проверку,Spell Haste (3%),Одна фактическая аура может закрывать несколько концептуальных эффектов; статистическая связь не доказывает механику.
Кастерские бафы,Replenishment,Спек,Witch Doctor,Brewing,Хилер,Splash Potion: Jungle Shrooms,803698,107,107,1,1,0.782608695652174,0,Высокая,0.9,На проверку,Replenishment,Одна фактическая аура может закрывать несколько концептуальных эффектов; статистическая связь не доказывает механику.
Утилити-дебафы,Attack Power Reduction,Спек,Witch Doctor,Brewing,Хилер,Mana Jinx,801925,107,48,0.4485981308411215,0.9863013698630136,0,0.9583333333333334,Средняя,0.7326150620919216,На проверку,Attack Power Reduction,Одна фактическая аура может закрывать несколько концептуальных эффектов; статистическая связь не доказывает механику.
Магические дебафы,Resistance Reduction,Спек,Witch Doctor,Brewing,Хилер,Mana Jinx,801925,107,48,0.4485981308411215,0.9863013698630136,0,0.9583333333333334,Средняя,0.7326150620919216,На проверку,Resistance REDUCTION,Одна фактическая аура может закрывать несколько концептуальных эффектов; статистическая связь не доказывает механику.
Физические бафы,Minor Armor and All Stats,Класс,Felsworn,Все специализации класса,Мили-DPS; Рейндж/кастер; Танк,Demonfire Pact,800031,191,155,0.8115183246073299,0.8854867653656349,0.8571428571428571,0,Высокая,0.8713716913414087,На проверку,Stats Flat + Armor (MotW),Одна фактическая аура может закрывать несколько концептуальных эффектов; статистическая связь не доказывает механику.
Физические бафы,Attack Power,Класс,Felsworn,Все специализации класса,Мили-DPS; Рейндж/кастер; Танк,Demonfire Pact,800031,191,155,0.8115183246073299,0.8854867653656349,0.8571428571428571,0,Высокая,0.8713716913414087,На проверку,AP Flat (Shout),Одна фактическая аура может закрывать несколько концептуальных эффектов; статистическая связь не доказывает механику.
Утилити-бафы,Fire Resistance,Класс,Felsworn,Все специализации класса,Мили-DPS; Рейндж/кастер; Танк,Demonfire Pact,800031,191,155,0.8115183246073299,0.8854867653656349,0.8571428571428571,0,Высокая,0.8713716913414087,На проверку,Fire,Одна фактическая аура может закрывать несколько концептуальных эффектов; статистическая связь не доказывает механику.
Утилити-бафы,Shadow Resistance,Класс,Felsworn,Все специализации класса,Мили-DPS; Рейндж/кастер; Танк,Demonfire Pact,800031,191,155,0.8115183246073299,0.8854867653656349,0.8571428571428571,0,Высокая,0.8713716913414087,На проверку,Shadow,Одна фактическая аура может закрывать несколько концептуальных эффектов; статистическая связь не доказывает механику.
Утилити-бафы,3% Critical Strike (all),Спек,Felsworn,Infernal,Рейндж/кастер,Greater Man'ari Intuition,523495,122,96,0.7868852459016393,0.7860847018150389,0.8076923076923077,0,Высокая,0.8465211754537597,На проверку,All Crit (3%),Одна фактическая аура может закрывать несколько концептуальных эффектов; статистическая связь не доказывает механику.
Утилити-дебафы,Damage Done Reduction (5%),Спек,Felsworn,Infernal,Рейндж/кастер,Felstrike,802678,122,122,1,1,0,1,Высокая,0.9,На проверку,Damage done debuff (5%),Одна фактическая аура может закрывать несколько концептуальных эффектов; статистическая связь не доказывает механику.
Магические дебафы,3% Spell Hit,Спек,Felsworn,Infernal,Рейндж/кастер,Felstrike,802678,122,122,1,1,0,1,Высокая,0.9,На проверку,Spell Hit (3%) DEBUFF,Одна фактическая аура может закрывать несколько концептуальных эффектов; статистическая связь не доказывает механику.
Магические дебафы,10% Spell Damage,Спек,Felsworn,Infernal,Рейндж/кастер,Felstrike,802678,122,122,1,1,0,1,Высокая,0.9,На проверку,Spell Dmg Taken (10%),Одна фактическая аура может закрывать несколько концептуальных эффектов; статистическая связь не доказывает механику.
Физические бафы,10% Melee & Range Haste,Спек,Felsworn,Tyrant,Танк,Demonfire Pact,800031,137,92,0.6715328467153284,0.3997308209959623,0.8516483516483516,0,Средняя,0.7101760142514236,На проверку,Melee/Range Haste (10%),Одна фактическая аура может закрывать несколько концептуальных эффектов; статистическая связь не доказывает механику.
Утилити-бафы,3% Damage Done (all),Спек,Felsworn,Tyrant,Танк,Demonfire Pact,800031,137,92,0.6715328467153284,0.3997308209959623,0.8516483516483516,0,Средняя,0.7101760142514236,На проверку,All Damage Done (3%),Одна фактическая аура может закрывать несколько концептуальных эффектов; статистическая связь не доказывает механику.
Утилити-бафы,Defensive Cooldown (Raid-Wide),Спек,Felsworn,Tyrant,Танк,Illidari Barrier,300469,137,55,0.40145985401459855,0.8723965565120799,0.8181818181818182,0,Высокая,0.7915054651620833,На проверку,Raid Wall (Divine Sac),Одна фактическая аура может закрывать несколько концептуальных эффектов; статистическая связь не доказывает механику.
Физические дебафы,4% Physical Damage,Спек,Felsworn,Tyrant,Танк,Doomscar,563271,137,108,0.7883211678832117,1,0,1,Высокая,0.9,На проверку,Phys Dmg Taken (4%),Одна фактическая аура может закрывать несколько концептуальных эффектов; статистическая связь не доказывает механику.
Утилити-дебафы,Attack Power Reduction,Спек,Felsworn,Tyrant,Танк,Doomscar,563271,137,108,0.7883211678832117,1,0,1,Высокая,0.9,На проверку,Attack Power Reduction,Одна фактическая аура может закрывать несколько концептуальных эффектов; статистическая связь не доказывает механику.
Утилити-дебафы,Attack Speed Slow,Спек,Felsworn,Tyrant,Танк,Doomscar,563271,137,108,0.7883211678832117,1,0,1,Высокая,0.9,На проверку,Attack Speed (Slow),Одна фактическая аура может закрывать несколько концептуальных эффектов; статистическая связь не доказывает механику.
Утилити-дебафы,Damage Done Reduction (5%),Спек,Felsworn,Tyrant,Танк,Doomscar,563271,137,108,0.7883211678832117,1,0,1,Высокая,0.9,На проверку,Damage done debuff (5%),Одна фактическая аура может закрывать несколько концептуальных эффектов; статистическая связь не доказывает механику.
Физические бафы,Minor Armor and All Stats,Класс,Witch Hunter,Все специализации класса,Мили-DPS; Рейндж/кастер; Танк,Greater Inquisitor's Edict,680303,178,22,0.12359550561797752,1,0.9215384615384616,0,Низкая,0.582621722846442,На проверку,Stats Flat + Armor (MotW),Одна фактическая аура может закрывать несколько концептуальных эффектов; статистическая связь не доказывает механику.
Физические бафы,Attack Power,Класс,Witch Hunter,Все специализации класса,Мили-DPS; Рейндж/кастер; Танк,Greater Inquisitor's Edict,680303,178,22,0.12359550561797752,1,0.9215384615384616,0,Низкая,0.582621722846442,На проверку,AP Flat (Shout),Одна фактическая аура может закрывать несколько концептуальных эффектов; статистическая связь не доказывает механику.
Кастерские бафы,Mana Regeneration,Класс,Witch Hunter,Все специализации класса,Мили-DPS; Рейндж/кастер; Танк,Greater Inquisitor's Edict,680303,178,22,0.12359550561797752,1,0.9215384615384616,0,Низкая,0.582621722846442,На проверку,Mp5,Одна фактическая аура может закрывать несколько концептуальных эффектов; статистическая связь не доказывает механику.
Утилити-бафы,Shadow Resistance,Класс,Witch Hunter,Все специализации класса,Мили-DPS; Рейндж/кастер; Танк,Greater Inquisitor's Edict,680303,178,22,0.12359550561797752,1,0.9215384615384616,0,Низкая,0.582621722846442,На проверку,Shadow,Одна фактическая аура может закрывать несколько концептуальных эффектов; статистическая связь не доказывает механику.
Физические бафы,10% Melee & Range Haste,Спек,Witch Hunter,Inquisition,Мили-DPS,Born in Blood,560521,118,65,0.5508474576271186,0.028428467185894476,1,0,Низкая,0.5562031619942138,На проверку,Melee/Range Haste (10%),Одна фактическая аура может закрывать несколько концептуальных эффектов; статистическая связь не доказывает механику.
Утилити-дебафы,Cast Speed Slow,Спек,Witch Hunter,Inquisition,Мили-DPS,Interrogator,807262,118,117,0.9915254237288136,1,0,1,Высокая,0.9,На проверку,Cast Slow 30%,Одна фактическая аура может закрывать несколько концептуальных эффектов; статистическая связь не доказывает механику.
Утилити-дебафы,Damage Done Reduction (5%),Спек,Witch Hunter,Inquisition,Мили-DPS,Interrogator,807262,118,117,0.9915254237288136,1,0,1,Высокая,0.9,На проверку,Damage done debuff (5%),Одна фактическая аура может закрывать несколько концептуальных эффектов; статистическая связь не доказывает механику.
Кастерские бафы,3% Spell Haste,Спек,Witch Hunter,Houndmaster,Рейндж/кастер,Shadow Rage,804192,20,20,1,1,0.047619047619047616,0,Средняя,0.6471428571428571,На проверку,Spell Haste (3%),Одна фактическая аура может закрывать несколько концептуальных эффектов; статистическая связь не доказывает механику.
Физические бафы,5% Attack Power,Спек,Witch Hunter,Houndmaster,Рейндж/кастер,Shadow Rage,804192,20,20,1,1,0.047619047619047616,0,Средняя,0.6471428571428571,На проверку,Attack Power %,Одна фактическая аура может закрывать несколько концептуальных эффектов; статистическая связь не доказывает механику.
Утилити-дебафы,Cast Speed Slow,Спек,Witch Hunter,Houndmaster,Рейндж/кастер,Shadow Claw,800697,20,20,1,1,0,1,Высокая,0.9,На проверку,Cast Slow 30%,Одна фактическая аура может закрывать несколько концептуальных эффектов; статистическая связь не доказывает механику.
Кастерские бафы,Replenishment,Спек,Witch Hunter,Black Knight,Танк,Born in Blood,560521,57,23,0.40350877192982454,0.00793733525934089,1,0,Низкая,0.47642877825927965,На проверку,Replenishment,Одна фактическая аура может закрывать несколько концептуальных эффектов; статистическая связь не доказывает механику.
Утилити-бафы,Defensive Cooldown (Raid-Wide),Спек,Witch Hunter,Black Knight,Танк,Born in Blood,560521,57,23,0.40350877192982454,0.00793733525934089,1,0,Низкая,0.47642877825927965,На проверку,Raid Wall (Divine Sac),Одна фактическая аура может закрывать несколько концептуальных эффектов; статистическая связь не доказывает механику.
Утилити-дебафы,Cast Speed Slow,Спек,Witch Hunter,Black Knight,Танк,Shadow Brand,680517,57,57,1,0.999449728794906,0,1,Высокая,0.8998624321987265,На проверку,Cast Slow 30%,Одна фактическая аура может закрывать несколько концептуальных эффектов; статистическая связь не доказывает механику.
Утилити-дебафы,Attack Speed Slow,Спек,Witch Hunter,Black Knight,Танк,Shadow Brand,680517,57,57,1,0.999449728794906,0,1,Высокая,0.8998624321987265,На проверку,Attack Speed (Slow),Одна фактическая аура может закрывать несколько концептуальных эффектов; статистическая связь не доказывает механику.
Утилити-бафы,3% Critical Strike (all),Спек,Witch Hunter,Boltslinger,Рейндж/кастер,Born in Blood,560521,28,11,0.39285714285714285,0.004929189438727643,1,0,Низкая,0.470279916407301,На проверку,All Crit (3%),Одна фактическая аура может закрывать несколько концептуальных эффектов; статистическая связь не доказывает механику.
Утилити-дебафы,Healing Reduction,Спек,Witch Hunter,Boltslinger,Рейндж/кастер,Arbalest Mastery,706241,28,23,0.8214285714285714,1,0,1,Высокая,0.9,На проверку,Healing Reduc (30-50%),Одна фактическая аура может закрывать несколько концептуальных эффектов; статистическая связь не доказывает механику.
Утилити-дебафы,Cast Speed Slow,Спек,Witch Hunter,Boltslinger,Рейндж/кастер,Arbalest Mastery,706241,28,23,0.8214285714285714,1,0,1,Высокая,0.9,На проверку,Cast Slow 30%,Одна фактическая аура может закрывать несколько концептуальных эффектов; статистическая связь не доказывает механику.
Физические дебафы,Armor Reduction,Спек,Witch Hunter,Boltslinger,Рейндж/кастер,Arbalest Mastery,706241,28,23,0.8214285714285714,1,0,1,Высокая,0.9,На проверку,% Armor Debuff,Одна фактическая аура может закрывать несколько концептуальных эффектов; статистическая связь не доказывает механику.
Утилити-бафы,Small Resistances (all),Класс,Stormbringer,Все специализации класса,Рейндж/кастер; Саппорт,Greater Call of the Lightning,575846,112,57,0.5089285714285714,1,0.9642857142857143,0,Средняя,0.7778571428571428,На проверку,Small All Resist,Одна фактическая аура может закрывать несколько концептуальных эффектов; статистическая связь не доказывает механику.
Кастерские бафы,Intellect,Класс,Stormbringer,Все специализации класса,Рейндж/кастер; Саппорт,Greater Call of the Lightning,575846,112,57,0.5089285714285714,1,0.9642857142857143,0,Средняя,0.7778571428571428,На проверку,Flat Intellect,Одна фактическая аура может закрывать несколько концептуальных эффектов; статистическая связь не доказывает механику.
Кастерские бафы,Mana Regeneration,Класс,Stormbringer,Все специализации класса,Рейндж/кастер; Саппорт,Greater Call of the Lightning,575846,112,57,0.5089285714285714,1,0.9642857142857143,0,Средняя,0.7778571428571428,На проверку,Mp5,Одна фактическая аура может закрывать несколько концептуальных эффектов; статистическая связь не доказывает механику.
Утилити-бафы,Concentration,Класс,Stormbringer,Все специализации класса,Рейндж/кастер; Саппорт,Greater Call of the Lightning,575846,112,57,0.5089285714285714,1,0.9642857142857143,0,Средняя,0.7778571428571428,На проверку,Concentration,Одна фактическая аура может закрывать несколько концептуальных эффектов; статистическая связь не доказывает механику.
Утилити-бафы,Nature Resistance,Класс,Stormbringer,Все специализации класса,Рейндж/кастер; Саппорт,Greater Call of the Lightning,575846,112,57,0.5089285714285714,1,0.9642857142857143,0,Средняя,0.7778571428571428,На проверку,Nature,Одна фактическая аура может закрывать несколько концептуальных эффектов; статистическая связь не доказывает механику.
Утилити-бафы,3% Damage Done (all),Спек,Stormbringer,Maelstrom,Рейндж/кастер,Born in Blood,560521,24,13,0.5416666666666666,0.005018540304686453,1,0,Низкая,0.545699079520616,На проверку,All Damage Done (3%),Одна фактическая аура может закрывать несколько концептуальных эффектов; статистическая связь не доказывает механику.
Магические дебафы,10% Spell Damage,Спек,Stormbringer,Maelstrom,Рейндж/кастер,Stormflow,572866,24,24,1,1,0,1,Высокая,0.9,На проверку,Spell Dmg Taken (10%),Одна фактическая аура может закрывать несколько концептуальных эффектов; статистическая связь не доказывает механику.
Утилити-дебафы,Attack Speed Slow,Спек,Stormbringer,Maelstrom,Рейндж/кастер,Stormflow,572866,24,24,1,1,0,1,Высокая,0.9,На проверку,Attack Speed (Slow),Одна фактическая аура может закрывать несколько концептуальных эффектов; статистическая связь не доказывает механику.
Утилити-бафы,3% Critical Strike (all),Спек,Stormbringer,Lightning,Рейндж/кастер,Greater Call of the Lightning,575846,86,51,0.5930232558139535,0.869467787114846,0.9583333333333334,0,Высокая,0.7878320630577813,На проверку,All Crit (3%),Одна фактическая аура может закрывать несколько концептуальных эффектов; статистическая связь не доказывает механику.
Магические дебафы,3% Spell Critical Strike Chance,Спек,Stormbringer,Lightning,Рейндж/кастер,Volt,501409,86,86,1,1,0,1,Высокая,0.9,На проверку,Spell Crit Taken Debuff (3%),Одна фактическая аура может закрывать несколько концептуальных эффектов; статистическая связь не доказывает механику.
Утилити-бафы,Armor,Спек,Stormbringer,Wind,Саппорт,Updraft,704202,8,8,1,1,0.8994252873563219,0,Высокая,0.816,На проверку,Armor (Devo),Одна фактическая аура может закрывать несколько концептуальных эффектов; статистическая связь не доказывает механику.
Утилити-бафы,Heroism | Bloodlust,Спек,Stormbringer,Wind,Саппорт,Updraft,704202,8,8,1,1,0.8994252873563219,0,Высокая,0.816,На проверку,Heroism,Одна фактическая аура может закрывать несколько концептуальных эффектов; статистическая связь не доказывает механику.
Физические бафы,10% Stats,Класс,Cultist,Все специализации класса,Мили-DPS; Рейндж/кастер; Танк; Хилер,Void Resilience,1119892,244,222,0.9098360655737705,1,0.75,0,Высокая,0.9,На проверку,Stats % (Kings),Одна фактическая аура может закрывать несколько концептуальных эффектов; статистическая связь не доказывает механику.
Кастерские бафы,Intellect,Класс,Cultist,Все специализации класса,Мили-DPS; Рейндж/кастер; Танк; Хилер,Void Resilience,1119892,244,222,0.9098360655737705,1,0.75,0,Высокая,0.9,На проверку,Flat Intellect,Одна фактическая аура может закрывать несколько концептуальных эффектов; статистическая связь не доказывает механику.
Кастерские бафы,Spirit,Класс,Cultist,Все специализации класса,Мили-DPS; Рейндж/кастер; Танк; Хилер,Void Resilience,1119892,244,222,0.9098360655737705,1,0.75,0,Высокая,0.9,На проверку,Flat Spirit,Одна фактическая аура может закрывать несколько концептуальных эффектов; статистическая связь не доказывает механику.
Утилити-бафы,Dampen Magic,Класс,Cultist,Все специализации класса,Мили-DPS; Рейндж/кастер; Танк; Хилер,Void Resilience,1119892,244,222,0.9098360655737705,1,0.75,0,Высокая,0.9,На проверку,Dampen Magic,Одна фактическая аура может закрывать несколько концептуальных эффектов; статистическая связь не доказывает механику.
Утилити-бафы,Shadow Resistance,Класс,Cultist,Все специализации класса,Мили-DPS; Рейндж/кастер; Танк; Хилер,Void Resilience,1119892,244,222,0.9098360655737705,1,0.75,0,Высокая,0.9,На проверку,Shadow,Одна фактическая аура может закрывать несколько концептуальных эффектов; статистическая связь не доказывает механику.
Утилити-бафы,3% Damage Reduction (all),Спек,Cultist,Heretic,Хилер,Void-Touched,301982,166,166,1,1,0.9615384615384616,0,Высокая,0.9,На проверку,Dmg Reduct(-3%),Одна фактическая аура может закрывать несколько концептуальных эффектов; статистическая связь не доказывает механику.
Кастерские бафы,Replenishment,Спек,Cultist,Heretic,Хилер,Void-Touched,301982,166,166,1,1,0.9615384615384616,0,Высокая,0.9,На проверку,Replenishment,Одна фактическая аура может закрывать несколько концептуальных эффектов; статистическая связь не доказывает механику.
Утилити-дебафы,Attack Speed Slow,Спек,Cultist,Dreadnought,Танк,Test of Pride,804412,31,21,0.6774193548387096,1,0,0.8571428571428571,Высокая,0.8246543778801844,На проверку,Attack Speed (Slow),Одна фактическая аура может закрывать несколько концептуальных эффектов; статистическая связь не доказывает механику.
Утилити-дебафы,3% Hit Reduction,Спек,Cultist,Dreadnought,Танк,Test of Pride,804412,31,21,0.6774193548387096,1,0,0.8571428571428571,Высокая,0.8246543778801844,На проверку,Insect Swarm Hit (3%),Одна фактическая аура может закрывать несколько концептуальных эффектов; статистическая связь не доказывает механику.
Утилити-дебафы,Attack Power Reduction,Спек,Cultist,Dreadnought,Танк,Test of Pride,804412,31,21,0.6774193548387096,1,0,0.8571428571428571,Высокая,0.8246543778801844,На проверку,Attack Power Reduction,Одна фактическая аура может закрывать несколько концептуальных эффектов; статистическая связь не доказывает механику.
Кастерские бафы,Spell Power,Спек,Cultist,Corruption,Рейндж/кастер,Greater Whispers of C'thun,573067,11,11,1,0.058823529411764705,1,0,Средняя,0.6491960784313726,На проверку,Spell Power Flat,Одна фактическая аура может закрывать несколько концептуальных эффектов; статистическая связь не доказывает механику.
Кастерские бафы,3% Spell Haste,Спек,Cultist,Corruption,Рейндж/кастер,Greater Whispers of C'thun,573067,11,11,1,0.058823529411764705,1,0,Средняя,0.6491960784313726,На проверку,Spell Haste (3%),Одна фактическая аура может закрывать несколько концептуальных эффектов; статистическая связь не доказывает механику.
Магические дебафы,3% Spell Hit,Спек,Cultist,Corruption,Рейндж/кастер,Unrelenting Void,706908,11,11,1,1,0,1,Высокая,0.8789999999999999,На проверку,Spell Hit (3%) DEBUFF,Одна фактическая аура может закрывать несколько концептуальных эффектов; статистическая связь не доказывает механику.
Утилити-дебафы,3% Hit Reduction,Спек,Cultist,Corruption,Рейндж/кастер,Unrelenting Void,706908,11,11,1,1,0,1,Высокая,0.8789999999999999,На проверку,Insect Swarm Hit (3%),Одна фактическая аура может закрывать несколько концептуальных эффектов; статистическая связь не доказывает механику.
Утилити-дебафы,Healing Reduction,Спек,Cultist,Godblade,Мили-DPS,Touch of the Void,572046,174,171,0.9827586206896551,1,0,0.9883040935672515,Высокая,0.8968421052631579,На проверку,Healing Reduc (30-50%),Одна фактическая аура может закрывать несколько концептуальных эффектов; статистическая связь не доказывает механику.
Магические дебафы,10% Spell Damage,Спек,Cultist,Godblade,Мили-DPS,Touch of the Void,572046,174,171,0.9827586206896551,1,0,0.9883040935672515,Высокая,0.8968421052631579,На проверку,Spell Dmg Taken (10%),Одна фактическая аура может закрывать несколько концептуальных эффектов; статистическая связь не доказывает механику.
Утилити-дебафы,Attack Power Reduction,Спек,Cultist,Godblade,Мили-DPS,Touch of the Void,572046,174,171,0.9827586206896551,1,0,0.9883040935672515,Высокая,0.8968421052631579,На проверку,Attack Power Reduction,Одна фактическая аура может закрывать несколько концептуальных эффектов; статистическая связь не доказывает механику.
Физические бафы,Stamina,Класс,Knight of Xoroth,Все специализации класса,Мили-DPS; Танк,Greater Mark of Korth’azz,680300,188,45,0.2393617021276596,1,1,0,Средняя,0.6412765957446809,На проверку,Stamina (Fort),Одна фактическая аура может закрывать несколько концептуальных эффектов; статистическая связь не доказывает механику.
Физические бафы,Strength,Класс,Knight of Xoroth,Все специализации класса,Мили-DPS; Танк,Greater Mark of Korth’azz,680300,188,45,0.2393617021276596,1,1,0,Средняя,0.6412765957446809,На проверку,Flat Strength,Одна фактическая аура может закрывать несколько концептуальных эффектов; статистическая связь не доказывает механику.
Кастерские бафы,Intellect,Класс,Knight of Xoroth,Все специализации класса,Мили-DPS; Танк,Greater Mark of Korth’azz,680300,188,45,0.2393617021276596,1,1,0,Средняя,0.6412765957446809,На проверку,Flat Intellect,Одна фактическая аура может закрывать несколько концептуальных эффектов; статистическая связь не доказывает механику.
Утилити-бафы,5% Resource Reduction,Класс,Knight of Xoroth,Все специализации класса,Мили-DPS; Танк,Greater Mark of Korth’azz,680300,188,45,0.2393617021276596,1,1,0,Средняя,0.6412765957446809,На проверку,Cost Reduction (5%),Одна фактическая аура может закрывать несколько концептуальных эффектов; статистическая связь не доказывает механику.
Утилити-бафы,Fire Resistance,Класс,Knight of Xoroth,Все специализации класса,Мили-DPS; Танк,Greater Mark of Korth’azz,680300,188,45,0.2393617021276596,1,1,0,Средняя,0.6412765957446809,На проверку,Fire,Одна фактическая аура может закрывать несколько концептуальных эффектов; статистическая связь не доказывает механику.
Утилити-бафы,Frost Resistance,Класс,Knight of Xoroth,Все специализации класса,Мили-DPS; Танк,Greater Mark of Korth’azz,680300,188,45,0.2393617021276596,1,1,0,Средняя,0.6412765957446809,На проверку,Frost,Одна фактическая аура может закрывать несколько концептуальных эффектов; статистическая связь не доказывает механику.
Утилити-бафы,Shadow Resistance,Класс,Knight of Xoroth,Все специализации класса,Мили-DPS; Танк,Greater Mark of Korth’azz,680300,188,45,0.2393617021276596,1,1,0,Средняя,0.6412765957446809,На проверку,Shadow,Одна фактическая аура может закрывать несколько концептуальных эффектов; статистическая связь не доказывает механику.
Утилити-бафы,Arcane Resistance,Класс,Knight of Xoroth,Все специализации класса,Мили-DPS; Танк,Greater Mark of Korth’azz,680300,188,45,0.2393617021276596,1,1,0,Средняя,0.6412765957446809,На проверку,Arcane,Одна фактическая аура может закрывать несколько концептуальных эффектов; статистическая связь не доказывает механику.
Физические бафы,5% Attack Power,Спек,Knight of Xoroth,Hellfire,Мили-DPS,Doom,802609,78,75,0.9615384615384616,1,0,0,Средняя,0.63,На проверку,Attack Power %,Одна фактическая аура может закрывать несколько концептуальных эффектов; статистическая связь не доказывает механику.
Утилити-бафы,3% Damage Done (all),Спек,Knight of Xoroth,Hellfire,Мили-DPS,Doom,802609,78,75,0.9615384615384616,1,0,0,Средняя,0.63,На проверку,All Damage Done (3%),Одна фактическая аура может закрывать несколько концептуальных эффектов; статистическая связь не доказывает механику.
Магические дебафы,3% Spell Critical Strike Chance,Спек,Knight of Xoroth,Hellfire,Мили-DPS,Doom,802608,78,68,0.8717948717948718,1,0,1,Высокая,0.9,На проверку,Spell Crit Taken Debuff (3%),Одна фактическая аура может закрывать несколько концептуальных эффектов; статистическая связь не доказывает механику.
Утилити-дебафы,Cast Speed Slow,Спек,Knight of Xoroth,Hellfire,Мили-DPS,Doom,802608,78,68,0.8717948717948718,1,0,1,Высокая,0.9,На проверку,Cast Slow 30%,Одна фактическая аура может закрывать несколько концептуальных эффектов; статистическая связь не доказывает механику.
Утилити-бафы,3% Critical Strike (all),Спек,Knight of Xoroth,War,Мили-DPS,Greater Mark of Korth’azz,680300,154,32,0.2077922077922078,0.7657822506861848,1,0,Низкая,0.5667269479529315,На проверку,All Crit (3%),Одна фактическая аура может закрывать несколько концептуальных эффектов; статистическая связь не доказывает механику.
Физические дебафы,4% Physical Damage,Спек,Knight of Xoroth,War,Мили-DPS,Rampant,680979,154,154,1,1,0,1,Высокая,0.9,На проверку,Phys Dmg Taken (4%),Одна фактическая аура может закрывать несколько концептуальных эффектов; статистическая связь не доказывает механику.
Утилити-дебафы,Healing Reduction,Спек,Knight of Xoroth,War,Мили-DPS,Rampant,680979,154,154,1,1,0,1,Высокая,0.9,На проверку,Healing Reduc (30-50%),Одна фактическая аура может закрывать несколько концептуальных эффектов; статистическая связь не доказывает механику.
Физические дебафы,Armor Reduction,Спек,Knight of Xoroth,War,Мили-DPS,Rampant,680979,154,154,1,1,0,1,Высокая,0.9,На проверку,% Armor Debuff,Одна фактическая аура может закрывать несколько концептуальных эффектов; статистическая связь не доказывает механику.
Утилити-дебафы,Attack Power Reduction,Спек,Knight of Xoroth,Defiance,Танк,Dread Knight,572860,16,13,0.8125,1,0,1,Высокая,0.9,На проверку,Attack Power Reduction,Одна фактическая аура может закрывать несколько концептуальных эффектов; статистическая связь не доказывает механику.
Утилити-дебафы,Attack Speed Slow,Спек,Knight of Xoroth,Defiance,Танк,Dread Knight,572860,16,13,0.8125,1,0,1,Высокая,0.9,На проверку,Attack Speed (Slow),Одна фактическая аура может закрывать несколько концептуальных эффектов; статистическая связь не доказывает механику.
Магические дебафы,10% Spell Damage,Спек,Knight of Xoroth,Defiance,Танк,Dread Knight,572860,16,13,0.8125,1,0,1,Высокая,0.9,На проверку,Spell Dmg Taken (10%),Одна фактическая аура может закрывать несколько концептуальных эффектов; статистическая связь не доказывает механику.
Физические дебафы,Armor Reduction,Спек,Knight of Xoroth,Defiance,Танк,Dread Knight,572860,16,13,0.8125,1,0,1,Высокая,0.9,На проверку,% Armor Debuff,Одна фактическая аура может закрывать несколько концептуальных эффектов; статистическая связь не доказывает механику.
Физические бафы,Strength,Класс,Guardian,Все специализации класса,Мили-DPS; Саппорт; Танк,Greater Fire Protection,582536,112,81,0.7232142857142857,1,1,0,Высокая,0.8864285714285715,На проверку,Flat Strength,Одна фактическая аура может закрывать несколько концептуальных эффектов; статистическая связь не доказывает механику.
Утилити-бафы,Nature Resistance,Класс,Guardian,Все специализации класса,Мили-DPS; Саппорт; Танк,Greater Fire Protection,582536,112,81,0.7232142857142857,1,1,0,Высокая,0.8864285714285715,На проверку,Nature,Одна фактическая аура может закрывать несколько концептуальных эффектов; статистическая связь не доказывает механику.
Утилити-бафы,3% Damage Reduction (all),Спек,Guardian,Vanguard,Танк,Vanguard's Might,802894,27,27,1,1,0.16,0,Средняя,0.6876,На проверку,Dmg Reduct(-3%),Одна фактическая аура может закрывать несколько концептуальных эффектов; статистическая связь не доказывает механику.
Утилити-дебафы,Attack Speed Slow,Спек,Guardian,Vanguard,Танк,Bring Down The Hammer!,705380,27,27,1,1,0,1,Высокая,0.9,На проверку,Attack Speed (Slow),Одна фактическая аура может закрывать несколько концептуальных эффектов; статистическая связь не доказывает механику.
Физические дебафы,Armor Reduction,Спек,Guardian,Vanguard,Танк,Bring Down The Hammer!,705380,27,27,1,1,0,1,Высокая,0.9,На проверку,% Armor Debuff,Одна фактическая аура может закрывать несколько концептуальных эффектов; статистическая связь не доказывает механику.
Утилити-дебафы,Attack Power Reduction,Спек,Guardian,Vanguard,Танк,Bring Down The Hammer!,705380,27,27,1,1,0,1,Высокая,0.9,На проверку,Attack Power Reduction,Одна фактическая аура может закрывать несколько концептуальных эффектов; статистическая связь не доказывает механику.
Физические бафы,5% Attack Power,Спек,Guardian,Gladiator,Мили-DPS,Greater Fire Protection,582536,33,26,0.7878787878787878,0.3123827392120075,1,0,Средняя,0.7280956848030019,На проверку,Attack Power %,Одна фактическая аура может закрывать несколько концептуальных эффектов; статистическая связь не доказывает механику.
Физические дебафы,4% Physical Damage,Спек,Guardian,Gladiator,Мили-DPS,Deadly Blow,706808,33,33,1,1,0,1,Высокая,0.9,На проверку,Phys Dmg Taken (4%),Одна фактическая аура может закрывать несколько концептуальных эффектов; статистическая связь не доказывает механику.
Утилити-дебафы,Healing Reduction,Спек,Guardian,Gladiator,Мили-DPS,Deadly Blow,706808,33,33,1,1,0,1,Высокая,0.9,На проверку,Healing Reduc (30-50%),Одна фактическая аура может закрывать несколько концептуальных эффектов; статистическая связь не доказывает механику.
Физические дебафы,Armor Reduction,Спек,Guardian,Gladiator,Мили-DPS,Deadly Blow,706808,33,33,1,1,0,1,Высокая,0.9,На проверку,% Armor Debuff,Одна фактическая аура может закрывать несколько концептуальных эффектов; статистическая связь не доказывает механику.
Утилити-бафы,Armor,Спек,Guardian,Inspiration,Саппорт,Hero's March,803524,62,62,1,1,0.845,0,Высокая,0.9,На проверку,Armor (Devo),Одна фактическая аура может закрывать несколько концептуальных эффектов; статистическая связь не доказывает механику.
Утилити-бафы,Heroism | Bloodlust,Спек,Guardian,Inspiration,Саппорт,Hero's March,803524,62,62,1,1,0.845,0,Высокая,0.9,На проверку,Heroism,Одна фактическая аура может закрывать несколько концептуальных эффектов; статистическая связь не доказывает механику.
Магические дебафы,Resistance Reduction,Спек,Guardian,Inspiration,Саппорт,Harrowing Melody,572821,62,46,0.7419354838709677,1,0,1,Высокая,0.8959139784946237,На проверку,Resistance REDUCTION,Одна фактическая аура может закрывать несколько концептуальных эффектов; статистическая связь не доказывает механику.
Физические дебафы,Armor Reduction,Спек,Guardian,Inspiration,Саппорт,Harrowing Melody,572821,62,46,0.7419354838709677,1,0,1,Высокая,0.8959139784946237,На проверку,% Armor Debuff,Одна фактическая аура может закрывать несколько концептуальных эффектов; статистическая связь не доказывает механику.
Кастерские бафы,Intellect,Класс,Starcaller,Все специализации класса,Мили-DPS; Рейндж/кастер; Танк; Хилер,Greater Arcane Protection,573348,194,166,0.8556701030927835,1,1,0,Высокая,0.9,На проверку,Flat Intellect,Одна фактическая аура может закрывать несколько концептуальных эффектов; статистическая связь не доказывает механику.
Кастерские бафы,Strong Mana Cooldown,Класс,Starcaller,Все специализации класса,Мили-DPS; Рейндж/кастер; Танк; Хилер,Greater Arcane Protection,573348,194,166,0.8556701030927835,1,1,0,Высокая,0.9,На проверку,Burst Mana,Одна фактическая аура может закрывать несколько концептуальных эффектов; статистическая связь не доказывает механику.
Утилити-бафы,Arcane Resistance,Класс,Starcaller,Все специализации класса,Мили-DPS; Рейндж/кастер; Танк; Хилер,Greater Arcane Protection,573348,194,166,0.8556701030927835,1,1,0,Высокая,0.925,На проверку,Arcane,Одна фактическая аура может закрывать несколько концептуальных эффектов; статистическая связь не доказывает механику.
Утилити-бафы,3% Critical Strike (all),Спек,Starcaller,Moon Priest,Хилер,Eclipsing Arrows,574154,102,102,1,1,1,0,Высокая,0.9,На проверку,All Crit (3%),Одна фактическая аура может закрывать несколько концептуальных эффектов; статистическая связь не доказывает механику.
Магические дебафы,Resistance Reduction,Спек,Starcaller,Moon Priest,Хилер,Scattered Stars,804378,102,100,0.9803921568627451,0.2049065448078486,0,1,Средняя,0.7012266362019621,На проверку,Resistance REDUCTION,Одна фактическая аура может закрывать несколько концептуальных эффектов; статистическая связь не доказывает механику.
Утилити-бафы,3% Critical Strike (all),Спек,Starcaller,Warden,Мили-DPS,Greater Arcane Protection,573348,106,57,0.5377358490566038,0.31790199458261514,1,0,Средняя,0.621928328834333,На проверку,All Crit (3%),Одна фактическая аура может закрывать несколько концептуальных эффектов; статистическая связь не доказывает механику.
Магические дебафы,Resistance Reduction,Спек,Starcaller,Warden,Мили-DPS,Astral Combatant,805566,106,78,0.7358490566037735,0.9986389266964807,0,0.9871794871794872,Высокая,0.889028381891827,На проверку,Resistance REDUCTION,Одна фактическая аура может закрывать несколько концептуальных эффектов; статистическая связь не доказывает механику.
Утилити-дебафы,Healing Reduction,Спек,Starcaller,Warden,Мили-DPS,Astral Combatant,805566,106,78,0.7358490566037735,0.9986389266964807,0,0.9871794871794872,Высокая,0.889028381891827,На проверку,Healing Reduc (30-50%),Одна фактическая аура может закрывать несколько концептуальных эффектов; статистическая связь не доказывает механику.
Физические бафы,10% Melee & Range Haste,Спек,Starcaller,Sentinel,Рейндж/кастер,Greater Arcane Protection,573348,76,35,0.4605263157894737,0.18148239349913814,1,0,Низкая,0.5487039317081179,На проверку,Melee/Range Haste (10%),Одна фактическая аура может закрывать несколько концептуальных эффектов; статистическая связь не доказывает механику.
Магические дебафы,Resistance Reduction,Спек,Starcaller,Sentinel,Рейндж/кастер,Starfire Barrage,803264,76,65,0.8552631578947368,1,0,1,Высокая,0.9,На проверку,Resistance REDUCTION,Одна фактическая аура может закрывать несколько концептуальных эффектов; статистическая связь не доказывает механику.
Магические дебафы,10% Spell Damage,Спек,Starcaller,Sentinel,Рейндж/кастер,Starfire Barrage,803264,76,65,0.8552631578947368,1,0,1,Высокая,0.9,На проверку,Spell Dmg Taken (10%),Одна фактическая аура может закрывать несколько концептуальных эффектов; статистическая связь не доказывает механику.
Утилити-бафы,3% Damage Reduction (all),Спек,Starcaller,Moon Guard,Танк,Born in Blood,560521,27,8,0.2962962962962963,0.0026656341677711425,1,0,Низкая,0.42078986533206625,На проверку,Dmg Reduct(-3%),Одна фактическая аура может закрывать несколько концептуальных эффектов; статистическая связь не доказывает механику.
Магические дебафы,Resistance Reduction,Спек,Starcaller,Moon Guard,Танк,Enduring Moon,572181,27,27,1,1,0,1,Высокая,0.9,На проверку,Resistance REDUCTION,Одна фактическая аура может закрывать несколько концептуальных эффектов; статистическая связь не доказывает механику.
Магические дебафы,10% Spell Damage,Спек,Starcaller,Moon Guard,Танк,Enduring Moon,572181,27,27,1,1,0,1,Высокая,0.9,На проверку,Spell Dmg Taken (10%),Одна фактическая аура может закрывать несколько концептуальных эффектов; статистическая связь не доказывает механику.
Утилити-дебафы,Attack Speed Slow,Спек,Starcaller,Moon Guard,Танк,Enduring Moon,572181,27,27,1,1,0,1,Высокая,0.9,На проверку,Attack Speed (Slow),Одна фактическая аура может закрывать несколько концептуальных эффектов; статистическая связь не доказывает механику.
Утилити-дебафы,3% Hit Reduction,Спек,Starcaller,Moon Guard,Танк,Enduring Moon,572181,27,27,1,1,0,1,Высокая,0.9,На проверку,Insect Swarm Hit (3%),Одна фактическая аура может закрывать несколько концептуальных эффектов; статистическая связь не доказывает механику.
Физические бафы,10% Stats,Класс,Sun Cleric,Все специализации класса,Мили-DPS; Рейндж/кастер; Танк; Хилер,Dawnfall,806118,229,223,0.9737991266375546,1,0.7142857142857143,0,Высокая,0.8871428571428572,На проверку,Stats % (Kings),Одна фактическая аура может закрывать несколько концептуальных эффектов; статистическая связь не доказывает механику.
Физические бафы,Attack Power,Класс,Sun Cleric,Все специализации класса,Мили-DPS; Рейндж/кастер; Танк; Хилер,Dawnfall,806118,229,223,0.9737991266375546,1,0.7142857142857143,0,Высокая,0.8871428571428572,На проверку,AP Flat (Shout),Одна фактическая аура может закрывать несколько концептуальных эффектов; статистическая связь не доказывает механику.
Кастерские бафы,Spell Power,Класс,Sun Cleric,Все специализации класса,Мили-DPS; Рейндж/кастер; Танк; Хилер,Dawnfall,806118,229,223,0.9737991266375546,1,0.7142857142857143,0,Высокая,0.8871428571428572,На проверку,Spell Power Flat,Одна фактическая аура может закрывать несколько концептуальных эффектов; статистическая связь не доказывает механику.
Кастерские бафы,Mana Regeneration,Класс,Sun Cleric,Все специализации класса,Мили-DPS; Рейндж/кастер; Танк; Хилер,Dawnfall,806118,229,223,0.9737991266375546,1,0.7142857142857143,0,Высокая,0.8871428571428572,На проверку,Mp5,Одна фактическая аура может закрывать несколько концептуальных эффектов; статистическая связь не доказывает механику.
Утилити-бафы,5% Resource Reduction,Класс,Sun Cleric,Все специализации класса,Мили-DPS; Рейндж/кастер; Танк; Хилер,Dawnfall,806118,229,223,0.9737991266375546,1,0.7142857142857143,0,Высокая,0.8871428571428572,На проверку,Cost Reduction (5%),Одна фактическая аура может закрывать несколько концептуальных эффектов; статистическая связь не доказывает механику.
Кастерские бафы,3% Spell Haste,Спек,Sun Cleric,Blessings,Хилер,Faith,804405,58,54,0.9310344827586207,1,0.88,0,Высокая,0.9,На проверку,Spell Haste (3%),Одна фактическая аура может закрывать несколько концептуальных эффектов; статистическая связь не доказывает механику.
Магические дебафы,Resistance Reduction,Спек,Sun Cleric,Blessings,Хилер,Dawnfall,806118,58,56,0.9655172413793104,0.09057737711955355,0,1,Средняя,0.6726443442798884,На проверку,Resistance REDUCTION,Одна фактическая аура может закрывать несколько концептуальных эффектов; статистическая связь не доказывает механику.
Утилити-бафы,3% Damage Done (all),Спек,Sun Cleric,Valkyrie,Мили-DPS,Dawnfall,806118,196,184,0.9387755102040817,0.6444803725021018,0.7307692307692307,0,Средняя,0.8041970162024485,На проверку,All Damage Done (3%),Одна фактическая аура может закрывать несколько концептуальных эффектов; статистическая связь не доказывает механику.
Магические дебафы,Resistance Reduction,Спек,Sun Cleric,Valkyrie,Мили-DPS,Sunslam,807973,196,181,0.923469387755102,1,0,1,Высокая,0.9,На проверку,Resistance REDUCTION,Одна фактическая аура может закрывать несколько концептуальных эффектов; статистическая связь не доказывает механику.
Утилити-дебафы,Attack Speed Slow,Спек,Sun Cleric,Valkyrie,Мили-DPS,Sunslam,807973,196,181,0.923469387755102,1,0,1,Высокая,0.9,На проверку,Attack Speed (Slow),Одна фактическая аура может закрывать несколько концептуальных эффектов; статистическая связь не доказывает механику.
Кастерские бафы,Replenishment,Спек,Sun Cleric,Piety,Рейндж/кастер,Dawnfall,806118,65,63,0.9692307692307692,0.18676841492595228,0.7,0,Средняя,0.6786921037314881,На проверку,Replenishment,Одна фактическая аура может закрывать несколько концептуальных эффектов; статистическая связь не доказывает механику.
Магические дебафы,Resistance Reduction,Спек,Sun Cleric,Piety,Рейндж/кастер,Purgation,806025,65,59,0.9076923076923077,1,0,1,Высокая,0.9,На проверку,Resistance REDUCTION,Одна фактическая аура может закрывать несколько концептуальных эффектов; статистическая связь не доказывает механику.
Магические дебафы,3% Spell Hit,Спек,Sun Cleric,Piety,Рейндж/кастер,Purgation,806025,65,59,0.9076923076923077,1,0,1,Высокая,0.9,На проверку,Spell Hit (3%) DEBUFF,Одна фактическая аура может закрывать несколько концептуальных эффектов; статистическая связь не доказывает механику.
Утилити-дебафы,3% Hit Reduction,Спек,Sun Cleric,Piety,Рейндж/кастер,Purgation,806025,65,59,0.9076923076923077,1,0,1,Высокая,0.9,На проверку,Insect Swarm Hit (3%),Одна фактическая аура может закрывать несколько концептуальных эффектов; статистическая связь не доказывает механику.
Утилити-бафы,6% Healing Done,Спек,Sun Cleric,Seraphim,Танк,Dawnfall,806118,33,32,0.9696969696969697,0.047636293086723146,0.7,0,Средняя,0.6439090732716808,На проверку,6% Healing Taken,Одна фактическая аура может закрывать несколько концептуальных эффектов; статистическая связь не доказывает механику.
Утилити-бафы,Defensive Cooldown (Raid-Wide),Спек,Sun Cleric,Seraphim,Танк,Dawnfall,806118,33,32,0.9696969696969697,0.047636293086723146,0.7,0,Средняя,0.6439090732716808,На проверку,Raid Wall (Divine Sac),Одна фактическая аура может закрывать несколько концептуальных эффектов; статистическая связь не доказывает механику.
Утилити-дебафы,Attack Speed Slow,Спек,Sun Cleric,Seraphim,Танк,Justicar's Wrath,572067,33,32,0.9696969696969697,1,0,1,Высокая,0.9,На проверку,Attack Speed (Slow),Одна фактическая аура может закрывать несколько концептуальных эффектов; статистическая связь не доказывает механику.
Утилити-дебафы,3% Hit Reduction,Спек,Sun Cleric,Seraphim,Танк,Justicar's Wrath,572067,33,32,0.9696969696969697,1,0,1,Высокая,0.9,На проверку,Insect Swarm Hit (3%),Одна фактическая аура может закрывать несколько концептуальных эффектов; статистическая связь не доказывает механику.
Утилити-дебафы,Damage Done Reduction (5%),Спек,Sun Cleric,Seraphim,Танк,Justicar's Wrath,572067,33,32,0.9696969696969697,1,0,1,Высокая,0.9,На проверку,Damage done debuff (5%),Одна фактическая аура может закрывать несколько концептуальных эффектов; статистическая связь не доказывает механику.
Физические бафы,10% Stats,Класс,Templar,Все специализации класса,Мили-DPS; Танк,Harmonic Disposition,560653,211,175,0.8293838862559242,1,0.92,0,Высокая,0.9,На проверку,Stats % (Kings),Одна фактическая аура может закрывать несколько концептуальных эффектов; статистическая связь не доказывает механику.
Физические бафы,Agility,Класс,Templar,Все специализации класса,Мили-DPS; Танк,Harmonic Disposition,560653,211,175,0.8293838862559242,1,0.92,0,Высокая,0.9,На проверку,Flat Agility,Одна фактическая аура может закрывать несколько концептуальных эффектов; статистическая связь не доказывает механику.
Физические бафы,10% Melee & Range Haste,Спек,Templar,Zealot,Мили-DPS,Harmonic Disposition,560653,43,17,0.3953488372093023,0.06419634050381798,0.84,0,Низкая,0.4863591626453343,На проверку,Melee/Range Haste (10%),Одна фактическая аура может закрывать несколько концептуальных эффектов; статистическая связь не доказывает механику.
Физические дебафы,Armor Reduction,Спек,Templar,Zealot,Мили-DPS,Iron Penance,523713,43,42,0.9767441860465116,1,0,1,Высокая,0.9,На проверку,% Armor Debuff,Одна фактическая аура может закрывать несколько концептуальных эффектов; статистическая связь не доказывает механику.
Утилити-бафы,3% Damage Done (all),Спек,Templar,Crusader,Мили-DPS,Harmonic Disposition,560653,169,110,0.650887573964497,0.644362802141171,0.92,0,Средняя,0.760873738010638,На проверку,All Damage Done (3%),Одна фактическая аура может закрывать несколько концептуальных эффектов; статистическая связь не доказывает механику.
Утилити-дебафы,Attack Power Reduction,Спек,Templar,Crusader,Мили-DPS,Divine Strikes,803372,169,156,0.9230769230769231,1,0,1,Высокая,0.9,На проверку,Attack Power Reduction,Одна фактическая аура может закрывать несколько концептуальных эффектов; статистическая связь не доказывает механику.
Физические бафы,5% Attack Power,Спек,Templar,Oathkeeper,Танк,Barrier of Light,805417,73,63,0.863013698630137,1,0.8636363636363636,0,Высокая,0.9,На проверку,Attack Power %,Одна фактическая аура может закрывать несколько концептуальных эффектов; статистическая связь не доказывает механику.
Утилити-бафы,6% Healing Done,Спек,Templar,Oathkeeper,Танк,Barrier of Light,805417,73,63,0.863013698630137,1,0.8636363636363636,0,Высокая,0.9,На проверку,6% Healing Taken,Одна фактическая аура может закрывать несколько концептуальных эффектов; статистическая связь не доказывает механику.
Утилити-бафы,Defensive Cooldown (Raid-Wide),Спек,Templar,Oathkeeper,Танк,Barrier of Light,805417,73,63,0.863013698630137,1,0.8636363636363636,0,Высокая,1,На проверку,Raid Wall (Divine Sac),Одна фактическая аура может закрывать несколько концептуальных эффектов; статистическая связь не доказывает механику.
Утилити-дебафы,Cast Speed Slow,Спек,Templar,Oathkeeper,Танк,Sacred Swing,301061,73,66,0.9041095890410958,1,0,0.9848484848484849,Высокая,0.895909090909091,На проверку,Cast Slow 30%,Одна фактическая аура может закрывать несколько концептуальных эффектов; статистическая связь не доказывает механику.
Утилити-дебафы,3% Hit Reduction,Спек,Templar,Oathkeeper,Танк,Sacred Swing,301061,73,66,0.9041095890410958,1,0,0.9848484848484849,Высокая,0.895909090909091,На проверку,Insect Swarm Hit (3%),Одна фактическая аура может закрывать несколько концептуальных эффектов; статистическая связь не доказывает механику.
Физические бафы,Minor Armor and All Stats,Класс,Primalist,Все специализации класса,Мили-DPS; Рейндж/кастер; Саппорт; Танк,Grove Guardian,505208,231,176,0.7619047619047619,1,0.9069264069264069,0,Высокая,0.9,На проверку,Stats Flat + Armor (MotW),Одна фактическая аура может закрывать несколько концептуальных эффектов; статистическая связь не доказывает механику.
Утилити-бафы,Small Resistances (all),Класс,Primalist,Все специализации класса,Мили-DPS; Рейндж/кастер; Саппорт; Танк,Grove Guardian,505208,231,176,0.7619047619047619,1,0.9069264069264069,0,Высокая,0.9,На проверку,Small All Resist,Одна фактическая аура может закрывать несколько концептуальных эффектов; статистическая связь не доказывает механику.
Физические бафы,Agility,Класс,Primalist,Все специализации класса,Мили-DPS; Рейндж/кастер; Саппорт; Танк,Grove Guardian,505208,231,176,0.7619047619047619,1,0.9069264069264069,0,Высокая,0.9,На проверку,Flat Agility,Одна фактическая аура может закрывать несколько концептуальных эффектов; статистическая связь не доказывает механику.
Кастерские бафы,Spirit,Класс,Primalist,Все специализации класса,Мили-DPS; Рейндж/кастер; Саппорт; Танк,Grove Guardian,505208,231,176,0.7619047619047619,1,0.9069264069264069,0,Высокая,0.9,На проверку,Flat Spirit,Одна фактическая аура может закрывать несколько концептуальных эффектов; статистическая связь не доказывает механику.
Утилити-бафы,Nature Resistance,Класс,Primalist,Все специализации класса,Мили-DPS; Рейндж/кастер; Саппорт; Танк,Grove Guardian,505208,231,176,0.7619047619047619,1,0.9069264069264069,0,Высокая,0.9,На проверку,Nature,Одна фактическая аура может закрывать несколько концептуальных эффектов; статистическая связь не доказывает механику.
Утилити-бафы,Arcane Resistance,Класс,Primalist,Все специализации класса,Мили-DPS; Рейндж/кастер; Саппорт; Танк,Grove Guardian,505208,231,176,0.7619047619047619,1,0.9069264069264069,0,Высокая,0.9,На проверку,Arcane,Одна фактическая аура может закрывать несколько концептуальных эффектов; статистическая связь не доказывает механику.
Физические бафы,5% Attack Power,Спек,Primalist,Wildwalker,Мили-DPS,Protective Roar,802782,77,53,0.6883116883116883,0.32287414965986394,0.7391304347826086,0,Средняя,0.6955500826812939,На проверку,Attack Power %,Одна фактическая аура может закрывать несколько концептуальных эффектов; статистическая связь не доказывает механику.
Физические дебафы,4% Physical Damage,Спек,Primalist,Wildwalker,Мили-DPS,Torn to Shreds,560313,77,77,1,1,0,1,Высокая,0.9,На проверку,Phys Dmg Taken (4%),Одна фактическая аура может закрывать несколько концептуальных эффектов; статистическая связь не доказывает механику.
Физические дебафы,30% Bleed Damage,Спек,Primalist,Wildwalker,Мили-DPS,Torn to Shreds,560313,77,77,1,1,0,1,Высокая,0.9,На проверку,Bleed Dmg Taken (30%),Одна фактическая аура может закрывать несколько концептуальных эффектов; статистическая связь не доказывает механику.
Кастерские бафы,Replenishment,Спек,Primalist,Mountain King,Танк,Grove Guardian,505208,42,31,0.7380952380952381,0.09559129998383845,0.9090909090909091,0,Средняя,0.6678660789642137,На проверку,Replenishment,Одна фактическая аура может закрывать несколько концептуальных эффектов; статистическая связь не доказывает механику.
Физические дебафы,4% Physical Damage,Спек,Primalist,Mountain King,Танк,Raging Earth,681089,42,42,1,1,0,1,Высокая,0.9,На проверку,Phys Dmg Taken (4%),Одна фактическая аура может закрывать несколько концептуальных эффектов; статистическая связь не доказывает механику.
Утилити-дебафы,Attack Speed Slow,Спек,Primalist,Mountain King,Танк,Raging Earth,681089,42,42,1,1,0,1,Высокая,0.9,На проверку,Attack Speed (Slow),Одна фактическая аура может закрывать несколько концептуальных эффектов; статистическая связь не доказывает механику.
Утилити-дебафы,3% Hit Reduction,Спек,Primalist,Mountain King,Танк,Raging Earth,681089,42,42,1,1,0,1,Высокая,0.9,На проверку,Insect Swarm Hit (3%),Одна фактическая аура может закрывать несколько концептуальных эффектов; статистическая связь не доказывает механику.
Кастерские бафы,3% Spell Haste,Спек,Primalist,Geomancy,Рейндж/кастер,Born in Blood,560521,26,19,0.7307692307692307,0.006492829593006805,1,0,Средняя,0.641879617654662,На проверку,Spell Haste (3%),Одна фактическая аура может закрывать несколько концептуальных эффектов; статистическая связь не доказывает механику.
Магические дебафы,3% Spell Hit,Спек,Primalist,Geomancy,Рейндж/кастер,Terrasurge,573070,26,23,0.8846153846153846,1,0,1,Высокая,0.9,На проверку,Spell Hit (3%) DEBUFF,Одна фактическая аура может закрывать несколько концептуальных эффектов; статистическая связь не доказывает механику.
Магические дебафы,3% Spell Critical Strike Chance,Спек,Primalist,Geomancy,Рейндж/кастер,Terrasurge,573070,26,23,0.8846153846153846,1,0,1,Высокая,0.9,На проверку,Spell Crit Taken Debuff (3%),Одна фактическая аура может закрывать несколько концептуальных эффектов; статистическая связь не доказывает механику.
Утилити-дебафы,3% Hit Reduction,Спек,Primalist,Geomancy,Рейндж/кастер,Terrasurge,573070,26,23,0.8846153846153846,1,0,1,Высокая,0.9,На проверку,Insect Swarm Hit (3%),Одна фактическая аура может закрывать несколько концептуальных эффектов; статистическая связь не доказывает механику.
Утилити-бафы,6% Healing Done,Спек,Primalist,Grovekeeper,Саппорт,Sacred Grove,800186,174,147,0.8448275862068966,1,0.9615384615384616,0.013605442176870748,Высокая,0.9,На проверку,6% Healing Taken,Одна фактическая аура может закрывать несколько концептуальных эффектов; статистическая связь не доказывает механику.
Утилити-бафы,Armor,Спек,Primalist,Grovekeeper,Саппорт,Sacred Grove,800186,174,147,0.8448275862068966,1,0.9615384615384616,0.013605442176870748,Высокая,0.9,На проверку,Armor (Devo),Одна фактическая аура может закрывать несколько концептуальных эффектов; статистическая связь не доказывает механику.
Утилити-бафы,Heroism | Bloodlust,Спек,Primalist,Grovekeeper,Саппорт,Sacred Grove,800186,174,147,0.8448275862068966,1,0.9615384615384616,0.013605442176870748,Высокая,0.9,На проверку,Heroism,Одна фактическая аура может закрывать несколько концептуальных эффектов; статистическая связь не доказывает механику.
Физические дебафы,Armor Reduction,Спек,Primalist,Grovekeeper,Саппорт,Bioerosion,575848,174,146,0.8390804597701149,1,0,1,Высокая,0.9,На проверку,% Armor Debuff,Одна фактическая аура может закрывать несколько концептуальных эффектов; статистическая связь не доказывает механику.
Физические бафы,Stamina,Класс,Bloodmage,Все специализации класса,Мили-DPS; Рейндж/кастер; Саппорт; Танк,Greater Bloodthorns,572116,185,132,0.7135135135135136,1,0.9545454545454546,0,Высокая,0.8815135135135135,На проверку,Stamina (Fort),Одна фактическая аура может закрывать несколько концептуальных эффектов; статистическая связь не доказывает механику.
Утилити-бафы,Concentration,Класс,Bloodmage,Все специализации класса,Мили-DPS; Рейндж/кастер; Саппорт; Танк,Greater Bloodthorns,572116,185,132,0.7135135135135136,1,0.9545454545454546,0,Высокая,0.8815135135135135,На проверку,Concentration,Одна фактическая аура может закрывать несколько концептуальных эффектов; статистическая связь не доказывает механику.
Кастерские бафы,3% Spell Haste,Спек,Bloodmage,Sanguine,Рейндж/кастер,Greater Sanguinary Offering,680299,33,21,0.6363636363636364,0.16661407384032817,0.9629629629629629,0,Средняя,0.6340777608843244,На проверку,Spell Haste (3%),Одна фактическая аура может закрывать несколько концептуальных эффектов; статистическая связь не доказывает механику.
Магические дебафы,3% Spell Critical Strike Chance,Спек,Bloodmage,Sanguine,Рейндж/кастер,Bloodsore,805592,33,33,1,1,0,1,Высокая,0.9,На проверку,Spell Crit Taken Debuff (3%),Одна фактическая аура может закрывать несколько концептуальных эффектов; статистическая связь не доказывает механику.
Физические дебафы,30% Bleed Damage,Спек,Bloodmage,Sanguine,Рейндж/кастер,Bloodsore,805592,33,33,1,1,0,1,Высокая,0.9,На проверку,Bleed Dmg Taken (30%),Одна фактическая аура может закрывать несколько концептуальных эффектов; статистическая связь не доказывает механику.
Утилити-дебафы,Attack Speed Slow,Спек,Bloodmage,Sanguine,Рейндж/кастер,Bloodsore,805592,33,33,1,1,0,1,Высокая,0.9,На проверку,Attack Speed (Slow),Одна фактическая аура может закрывать несколько концептуальных эффектов; статистическая связь не доказывает механику.
Утилити-бафы,Armor,Спек,Bloodmage,Fleshweaver,Саппорт,Excess Blood,504101,112,106,0.9464285714285714,1,0.7655677655677655,0,Высокая,0.9,На проверку,Armor (Devo),Одна фактическая аура может закрывать несколько концептуальных эффектов; статистическая связь не доказывает механику.
Утилити-бафы,Heroism | Bloodlust,Спек,Bloodmage,Fleshweaver,Саппорт,Excess Blood,504101,112,106,0.9464285714285714,1,0.7655677655677655,0,Высокая,0.9,На проверку,Heroism,Одна фактическая аура может закрывать несколько концептуальных эффектов; статистическая связь не доказывает механику.
Физические дебафы,30% Bleed Damage,Спек,Bloodmage,Fleshweaver,Саппорт,Vampyr's Kiss,504281,112,109,0.9732142857142857,1,0,1,Высокая,0.9,На проверку,Bleed Dmg Taken (30%),Одна фактическая аура может закрывать несколько концептуальных эффектов; статистическая связь не доказывает механику.
Кастерские бафы,3% Spell Haste,Спек,Bloodmage,Accursed,Мили-DPS,Blood Trail,804857,14,7,0.5,0.05812368014100667,0.76,1,Низкая,0.537864253368585,На проверку,Spell Haste (3%),Одна фактическая аура может закрывать несколько концептуальных эффектов; статистическая связь не доказывает механику.
Утилити-бафы,3% Critical Strike (all),Спек,Bloodmage,Accursed,Мили-DPS,Blood Trail,804857,14,7,0.5,0.05812368014100667,0.76,1,Низкая,0.537864253368585,На проверку,All Crit (3%),Одна фактическая аура может закрывать несколько концептуальных эффектов; статистическая связь не доказывает механику.
Физические дебафы,30% Bleed Damage,Спек,Bloodmage,Accursed,Мили-DPS,Marrowbite,504553,14,14,1,1,0,1,Высокая,0.9,На проверку,Bleed Dmg Taken (30%),Одна фактическая аура может закрывать несколько концептуальных эффектов; статистическая связь не доказывает механику.
Утилити-дебафы,Healing Reduction,Спек,Bloodmage,Accursed,Мили-DPS,Marrowbite,504553,14,14,1,1,0,1,Высокая,0.9,На проверку,Healing Reduc (30-50%),Одна фактическая аура может закрывать несколько концептуальных эффектов; статистическая связь не доказывает механику.
Физические бафы,5% Attack Power,Спек,Bloodmage,Eternal,Танк,Blood Trail,804857,66,56,0.8484848484848485,0.550142170638022,0.8333333333333334,1,Средняя,0.7875355426595055,На проверку,Attack Power %,Одна фактическая аура может закрывать несколько концептуальных эффектов; статистическая связь не доказывает механику.
Утилити-бафы,6% Healing Done,Спек,Bloodmage,Eternal,Танк,Blood Trail,804857,66,56,0.8484848484848485,0.550142170638022,0.8333333333333334,1,Средняя,0.7875355426595055,На проверку,6% Healing Taken,Одна фактическая аура может закрывать несколько концептуальных эффектов; статистическая связь не доказывает механику.
Физические дебафы,30% Bleed Damage,Спек,Bloodmage,Eternal,Танк,Rotclaw,503484,66,64,0.9696969696969697,1,0,1,Высокая,0.9,На проверку,Bleed Dmg Taken (30%),Одна фактическая аура может закрывать несколько концептуальных эффектов; статистическая связь не доказывает механику.
Утилити-дебафы,Attack Speed Slow,Спек,Bloodmage,Eternal,Танк,Rotclaw,503484,66,64,0.9696969696969697,1,0,1,Высокая,0.9,На проверку,Attack Speed (Slow),Одна фактическая аура может закрывать несколько концептуальных эффектов; статистическая связь не доказывает механику.
Утилити-дебафы,3% Hit Reduction,Спек,Bloodmage,Eternal,Танк,Rotclaw,503484,66,64,0.9696969696969697,1,0,1,Высокая,0.9,На проверку,Insect Swarm Hit (3%),Одна фактическая аура может закрывать несколько концептуальных эффектов; статистическая связь не доказывает механику.
Кастерские бафы,Intellect,Класс,Pyromancer,Все специализации класса,Рейндж/кастер; Хилер,Ascension of Thaurissan,1119751,199,154,0.7738693467336684,0.9939459053855861,0.8695652173913043,0,Высокая,0.8984864763463966,На проверку,Flat Intellect,Одна фактическая аура может закрывать несколько концептуальных эффектов; статистическая связь не доказывает механику.
Кастерские бафы,Spirit,Класс,Pyromancer,Все специализации класса,Рейндж/кастер; Хилер,Ascension of Thaurissan,1119751,199,154,0.7738693467336684,0.9939459053855861,0.8695652173913043,0,Высокая,0.8984864763463966,На проверку,Flat Spirit,Одна фактическая аура может закрывать несколько концептуальных эффектов; статистическая связь не доказывает механику.
Кастерские бафы,Strong Mana Cooldown,Класс,Pyromancer,Все специализации класса,Рейндж/кастер; Хилер,Ascension of Thaurissan,1119751,199,154,0.7738693467336684,0.9939459053855861,0.8695652173913043,0,Высокая,0.8984864763463966,На проверку,Burst Mana,Одна фактическая аура может закрывать несколько концептуальных эффектов; статистическая связь не доказывает механику.
Утилити-бафы,Fire Resistance,Класс,Pyromancer,Все специализации класса,Рейндж/кастер; Хилер,Ascension of Thaurissan,1119751,199,154,0.7738693467336684,0.9939459053855861,0.8695652173913043,0,Высокая,0.8984864763463966,На проверку,Fire,Одна фактическая аура может закрывать несколько концептуальных эффектов; статистическая связь не доказывает механику.
Утилити-бафы,Arcane Resistance,Класс,Pyromancer,Все специализации класса,Рейндж/кастер; Хилер,Ascension of Thaurissan,1119751,199,154,0.7738693467336684,0.9939459053855861,0.8695652173913043,0,Высокая,0.8984864763463966,На проверку,Arcane,Одна фактическая аура может закрывать несколько концептуальных эффектов; статистическая связь не доказывает механику.
Кастерские бафы,Replenishment,Спек,Pyromancer,Flameweaving,Хилер,Phoenix Shield,706855,128,122,0.953125,0.9850768251563593,1,0,Высокая,0.8962692062890898,На проверку,Replenishment,Одна фактическая аура может закрывать несколько концептуальных эффектов; статистическая связь не доказывает механику.
Утилити-дебафы,Healing Reduction,Спек,Pyromancer,Flameweaving,Хилер,Blaze,572160,128,69,0.5390625,0.22695178535404478,0,0.9420289855072463,Низкая,0.5842107724254677,На проверку,Healing Reduc (30-50%),Одна фактическая аура может закрывать несколько концептуальных эффектов; статистическая связь не доказывает механику.
Кастерские бафы,3% Spell Haste,Спек,Pyromancer,Draconic,Рейндж/кастер,Ascension of Thaurissan,1119751,61,37,0.6065573770491803,0.21548313380401787,0.9090909090909091,0,Средняя,0.6311931878225892,На проверку,Spell Haste (3%),Одна фактическая аура может закрывать несколько концептуальных эффектов; статистическая связь не доказывает механику.
Магические дебафы,3% Spell Hit,Спек,Pyromancer,Draconic,Рейндж/кастер,Draconic Tempest,301212,61,51,0.8360655737704918,0.9982621288921072,0,0.8823529411764706,Высокая,0.8678008263406739,На проверку,Spell Hit (3%) DEBUFF,Одна фактическая аура может закрывать несколько концептуальных эффектов; статистическая связь не доказывает механику.
Утилити-дебафы,Healing Reduction,Спек,Pyromancer,Draconic,Рейндж/кастер,Draconic Tempest,301212,61,51,0.8360655737704918,0.9982621288921072,0,0.8823529411764706,Высокая,0.8678008263406739,На проверку,Healing Reduc (30-50%),Одна фактическая аура может закрывать несколько концептуальных эффектов; статистическая связь не доказывает механику.
Утилити-бафы,3% Critical Strike (all),Спек,Pyromancer,Incineration,Рейндж/кастер,Ascension of Thaurissan,1119751,61,57,0.9344262295081968,0.31827483884170676,0.8695652173913043,0,Средняя,0.7295687097104266,На проверку,All Crit (3%),Одна фактическая аура может закрывать несколько концептуальных эффектов; статистическая связь не доказывает механику.
Магические дебафы,3% Spell Critical Strike Chance,Спек,Pyromancer,Incineration,Рейндж/кастер,Burned,572626,61,61,1,1,0,1,Высокая,0.9,На проверку,Spell Crit Taken Debuff (3%),Одна фактическая аура может закрывать несколько концептуальных эффектов; статистическая связь не доказывает механику.
Утилити-дебафы,Healing Reduction,Спек,Pyromancer,Incineration,Рейндж/кастер,Burned,572626,61,61,1,1,0,1,Высокая,0.9,На проверку,Healing Reduc (30-50%),Одна фактическая аура может закрывать несколько концептуальных эффектов; статистическая связь не доказывает механику.
Физические бафы,Minor Armor and All Stats,Класс,Ranger,Все специализации класса,Мили-DPS; Рейндж/кастер; Саппорт,Wild Blessing,681539,151,91,0.6026490066225165,1,0.9565217391304348,0,Высокая,0.9253421633554083,На проверку,Stats Flat + Armor (MotW),Одна фактическая аура может закрывать несколько концептуальных эффектов; статистическая связь не доказывает механику.
Физические бафы,Agility,Класс,Ranger,Все специализации класса,Мили-DPS; Рейндж/кастер; Саппорт,Horn of Perseverance,800088,151,140,0.9271523178807947,1,1,0,Высокая,0.9,На проверку,Flat Agility,Одна фактическая аура может закрывать несколько концептуальных эффектов; статистическая связь не доказывает механику.
Утилити-бафы,Nature Resistance,Класс,Ranger,Все специализации класса,Мили-DPS; Рейндж/кастер; Саппорт,Horn of Perseverance,800088,151,140,0.9271523178807947,1,1,0,Высокая,0.9,На проверку,Nature,Одна фактическая аура может закрывать несколько концептуальных эффектов; статистическая связь не доказывает механику.
Физические бафы,10% Melee & Range Haste,Спек,Ranger,Brigand,Мили-DPS,Greater Woodsman's Adaptation,680294,9,6,0.6666666666666666,0.0819277108433735,0.9199999999999999,0,Низкая,0.5842815261044176,На проверку,Melee/Range Haste (10%),Одна фактическая аура может закрывать несколько концептуальных эффектов; статистическая связь не доказывает механику.
Утилити-дебафы,Healing Reduction,Спек,Ranger,Brigand,Мили-DPS,Ravage,803864,9,9,1,1,0,1,Высокая,0.837,На проверку,Healing Reduc (30-50%),Одна фактическая аура может закрывать несколько концептуальных эффектов; статистическая связь не доказывает механику.
Утилити-дебафы,3% Hit Reduction,Спек,Ranger,Brigand,Мили-DPS,Ravage,803864,9,9,1,1,0,1,Высокая,0.837,На проверку,Insect Swarm Hit (3%),Одна фактическая аура может закрывать несколько концептуальных эффектов; статистическая связь не доказывает механику.
Физические бафы,10% Melee & Range Haste,Спек,Ranger,Archery,Рейндж/кастер,Horn of Perseverance,800088,145,137,0.9448275862068966,0.9507856936276873,1,0,Высокая,0.8876964234069218,На проверку,Melee/Range Haste (10%),Одна фактическая аура может закрывать несколько концептуальных эффектов; статистическая связь не доказывает механику.
Физические дебафы,4% Physical Damage,Спек,Ranger,Archery,Рейндж/кастер,Weapon Oil,567737,145,106,0.7310344827586207,1,0,1,Высокая,0.8903908045977011,На проверку,Phys Dmg Taken (4%),Одна фактическая аура может закрывать несколько концептуальных эффектов; статистическая связь не доказывает механику.
Физические дебафы,30% Bleed Damage,Спек,Ranger,Archery,Рейндж/кастер,Weapon Oil,567737,145,106,0.7310344827586207,1,0,1,Высокая,0.8903908045977011,На проверку,Bleed Dmg Taken (30%),Одна фактическая аура может закрывать несколько концептуальных эффектов; статистическая связь не доказывает механику.
Утилити-дебафы,3% Hit Reduction,Спек,Ranger,Archery,Рейндж/кастер,Weapon Oil,567737,145,106,0.7310344827586207,1,0,1,Высокая,0.8903908045977011,На проверку,Insect Swarm Hit (3%),Одна фактическая аура может закрывать несколько концептуальных эффектов; статистическая связь не доказывает механику.
Физические бафы,10% Melee & Range Haste,Спек,Ranger,Farstrider,Саппорт,Battle Screech,706399,1,1,1,1,1,0,Средняя,0.6689999999999999,На проверку,Melee/Range Haste (10%),Одна фактическая аура может закрывать несколько концептуальных эффектов; статистическая связь не доказывает механику.
Утилити-бафы,Armor,Спек,Ranger,Farstrider,Саппорт,Battle Screech,706399,1,1,1,1,1,0,Средняя,0.6689999999999999,На проверку,Armor (Devo),Одна фактическая аура может закрывать несколько концептуальных эффектов; статистическая связь не доказывает механику.
Утилити-бафы,Heroism | Bloodlust,Спек,Ranger,Farstrider,Саппорт,Battle Screech,706399,1,1,1,1,1,0,Средняя,0.6689999999999999,На проверку,Heroism,Одна фактическая аура может закрывать несколько концептуальных эффектов; статистическая связь не доказывает механику.
Утилити-дебафы,Attack Power Reduction,Спек,Ranger,Farstrider,Саппорт,Enchanted Flare,801935,1,1,1,1,0,1,Средняя,0.6689999999999999,На проверку,Attack Power Reduction,Одна фактическая аура может закрывать несколько концептуальных эффектов; статистическая связь не доказывает механику.
Утилити-дебафы,3% Hit Reduction,Спек,Ranger,Farstrider,Саппорт,Enchanted Flare,801935,1,1,1,1,0,1,Средняя,0.6689999999999999,На проверку,Insect Swarm Hit (3%),Одна фактическая аура может закрывать несколько концептуальных эффектов; статистическая связь не доказывает механику.
Утилити-бафы,Small Resistances (all),Класс,Reaper,Все специализации класса,Мили-DPS; Танк,Deathwind,502994,143,68,0.4755244755244755,1,0.6733333333333333,0,Средняя,0.7333324009324009,На проверку,Small All Resist,Одна фактическая аура может закрывать несколько концептуальных эффектов; статистическая связь не доказывает механику.
Физические бафы,Stamina,Класс,Reaper,Все специализации класса,Мили-DPS; Танк,Deathwind,502994,143,68,0.4755244755244755,1,0.6733333333333333,0,Средняя,0.7333324009324009,На проверку,Stamina (Fort),Одна фактическая аура может закрывать несколько концептуальных эффектов; статистическая связь не доказывает механику.
Физические бафы,Strength,Класс,Reaper,Все специализации класса,Мили-DPS; Танк,Deathwind,502994,143,68,0.4755244755244755,1,0.6733333333333333,0,Средняя,0.7333324009324009,На проверку,Flat Strength,Одна фактическая аура может закрывать несколько концептуальных эффектов; статистическая связь не доказывает механику.
Магические дебафы,10% Spell Damage,Спек,Reaper,Soul,Мили-DPS,Deathchaser,573053,20,20,1,1,0,1,Высокая,0.9,На проверку,Spell Dmg Taken (10%),Одна фактическая аура может закрывать несколько концептуальных эффектов; статистическая связь не доказывает механику.
Утилити-дебафы,Attack Speed Slow,Спек,Reaper,Soul,Мили-DPS,Deathchaser,573053,20,20,1,1,0,1,Высокая,0.9,На проверку,Attack Speed (Slow),Одна фактическая аура может закрывать несколько концептуальных эффектов; статистическая связь не доказывает механику.
Утилити-дебафы,3% Hit Reduction,Спек,Reaper,Soul,Мили-DPS,Deathchaser,573053,20,20,1,1,0,1,Высокая,0.9,На проверку,Insect Swarm Hit (3%),Одна фактическая аура может закрывать несколько концептуальных эффектов; статистическая связь не доказывает механику.
Утилити-бафы,3% Critical Strike (all),Спек,Reaper,Harvest,Мили-DPS,Harvesting Grounds,707591,116,27,0.23275862068965517,1,0.84,0,Средняя,0.6379310344827587,На проверку,All Crit (3%),Одна фактическая аура может закрывать несколько концептуальных эффектов; статистическая связь не доказывает механику.
Утилити-дебафы,Healing Reduction,Спек,Reaper,Harvest,Мили-DPS,Doomrend,560361,116,116,1,1,0,0.9913793103448276,Высокая,0.8976724137931035,На проверку,Healing Reduc (30-50%),Одна фактическая аура может закрывать несколько концептуальных эффектов; статистическая связь не доказывает механику.
Утилити-дебафы,Attack Power Reduction,Спек,Reaper,Harvest,Мили-DPS,Doomrend,560361,116,116,1,1,0,0.9913793103448276,Высокая,0.8976724137931035,На проверку,Attack Power Reduction,Одна фактическая аура может закрывать несколько концептуальных эффектов; статистическая связь не доказывает механику.
Утилити-дебафы,3% Hit Reduction,Спек,Reaper,Harvest,Мили-DPS,Doomrend,560361,116,116,1,1,0,0.9913793103448276,Высокая,0.8976724137931035,На проверку,Insect Swarm Hit (3%),Одна фактическая аура может закрывать несколько концептуальных эффектов; статистическая связь не доказывает механику.
Утилити-бафы,3% Critical Strike (all),Спек,Reaper,Domination,Танк,Spectral Warden,805716,46,41,0.8913043478260869,0.996841155234657,0.4,0,Средняя,0.7732102888086643,На проверку,All Crit (3%),Одна фактическая аура может закрывать несколько концептуальных эффектов; статистическая связь не доказывает механику.
Утилити-бафы,3% Damage Reduction (all),Спек,Reaper,Domination,Танк,Spectral Warden,805716,46,41,0.8913043478260869,0.996841155234657,0.4,0,Средняя,0.7732102888086643,На проверку,Dmg Reduct(-3%),Одна фактическая аура может закрывать несколько концептуальных эффектов; статистическая связь не доказывает механику.
Физические дебафы,4% Physical Damage,Спек,Reaper,Domination,Танк,Soul Splinter,805720,46,46,1,1,0,1,Высокая,0.9,На проверку,Phys Dmg Taken (4%),Одна фактическая аура может закрывать несколько концептуальных эффектов; статистическая связь не доказывает механику.
Утилити-дебафы,Attack Speed Slow,Спек,Reaper,Domination,Танк,Soul Splinter,805720,46,46,1,1,0,1,Высокая,0.9,На проверку,Attack Speed (Slow),Одна фактическая аура может закрывать несколько концептуальных эффектов; статистическая связь не доказывает механику.
Утилити-дебафы,3% Hit Reduction,Спек,Reaper,Domination,Танк,Soul Splinter,805720,46,46,1,1,0,1,Высокая,0.9,На проверку,Insect Swarm Hit (3%),Одна фактическая аура может закрывать несколько концептуальных эффектов; статистическая связь не доказывает механику.
Физические бафы,10% Stats,Класс,Runemaster,Все специализации класса,Мили-DPS; Рейндж/кастер,Power Engraving,500296,183,153,0.8360655737704918,1,0.4666666666666667,0,Высокая,0.798,На проверку,Stats % (Kings),Одна фактическая аура может закрывать несколько концептуальных эффектов; статистическая связь не доказывает механику.
Физические бафы,Agility,Класс,Runemaster,Все специализации класса,Мили-DPS; Рейндж/кастер,Power Engraving,500296,183,153,0.8360655737704918,1,0.4666666666666667,0,Высокая,0.798,На проверку,Flat Agility,Одна фактическая аура может закрывать несколько концептуальных эффектов; статистическая связь не доказывает механику.
Утилити-бафы,5% Resource Reduction,Класс,Runemaster,Все специализации класса,Мили-DPS; Рейндж/кастер,Power Engraving,500296,183,153,0.8360655737704918,1,0.4666666666666667,0,Высокая,0.798,На проверку,Cost Reduction (5%),Одна фактическая аура может закрывать несколько концептуальных эффектов; статистическая связь не доказывает механику.
Кастерские бафы,Strong Mana Cooldown,Класс,Runemaster,Все специализации класса,Мили-DPS; Рейндж/кастер,Power Engraving,500296,183,153,0.8360655737704918,1,0.4666666666666667,0,Высокая,0.882,На проверку,Burst Mana,Одна фактическая аура может закрывать несколько концептуальных эффектов; статистическая связь не доказывает механику.
Утилити-бафы,Amplify Magic,Класс,Runemaster,Все специализации класса,Мили-DPS; Рейндж/кастер,Power Engraving,500296,183,153,0.8360655737704918,1,0.4666666666666667,0,Высокая,0.882,На проверку,Amplify Magic,Одна фактическая аура может закрывать несколько концептуальных эффектов; статистическая связь не доказывает механику.
Утилити-бафы,Fire Resistance,Класс,Runemaster,Все специализации класса,Мили-DPS; Рейндж/кастер,Power Engraving,500296,183,153,0.8360655737704918,1,0.4666666666666667,0,Высокая,0.798,На проверку,Fire,Одна фактическая аура может закрывать несколько концептуальных эффектов; статистическая связь не доказывает механику.
Утилити-бафы,Nature Resistance,Класс,Runemaster,Все специализации класса,Мили-DPS; Рейндж/кастер,Power Engraving,500296,183,153,0.8360655737704918,1,0.4666666666666667,0,Высокая,0.798,На проверку,Nature,Одна фактическая аура может закрывать несколько концептуальных эффектов; статистическая связь не доказывает механику.
Утилити-бафы,Arcane Resistance,Класс,Runemaster,Все специализации класса,Мили-DPS; Рейндж/кастер,Power Engraving,500296,183,153,0.8360655737704918,1,0.4666666666666667,0,Высокая,0.798,На проверку,Arcane,Одна фактическая аура может закрывать несколько концептуальных эффектов; статистическая связь не доказывает механику.
Кастерские бафы,Replenishment,Спек,Runemaster,Glyphic,Рейндж/кастер,Power Engraving,500296,59,56,0.9491525423728814,0.19296713764089538,0.3756521739130435,0,Низкая,0.5634765670189196,На проверку,Replenishment,Одна фактическая аура может закрывать несколько концептуальных эффектов; статистическая связь не доказывает механику.
Магические дебафы,10% Spell Damage,Спек,Runemaster,Glyphic,Рейндж/кастер,Ley Mark,504844,59,59,1,1,0,1,Высокая,0.9,На проверку,Spell Dmg Taken (10%),Одна фактическая аура может закрывать несколько концептуальных эффектов; статистическая связь не доказывает механику.
Утилити-дебафы,Healing Reduction,Спек,Runemaster,Glyphic,Рейндж/кастер,Ley Mark,504844,59,59,1,1,0,1,Высокая,0.9,На проверку,Healing Reduc (30-50%),Одна фактическая аура может закрывать несколько концептуальных эффектов; статистическая связь не доказывает механику.
Утилити-бафы,3% Damage Done (all),Спек,Runemaster,Riftblade,Мили-DPS,Born in Blood,560521,80,54,0.675,0.02022307932867716,1,0,Средняя,0.6170557698321693,На проверку,All Damage Done (3%),Одна фактическая аура может закрывать несколько концептуальных эффектов; статистическая связь не доказывает механику.
Кастерские бафы,Replenishment,Спек,Runemaster,Riftblade,Мили-DPS,Born in Blood,560521,80,54,0.675,0.02022307932867716,1,0,Средняя,0.6170557698321693,На проверку,Replenishment,Одна фактическая аура может закрывать несколько концептуальных эффектов; статистическая связь не доказывает механику.
Утилити-дебафы,Healing Reduction,Спек,Runemaster,Riftblade,Мили-DPS,Hoarfrost,572737,80,77,0.9625,1,0,1,Высокая,0.9,На проверку,Healing Reduc (30-50%),Одна фактическая аура может закрывать несколько концептуальных эффектов; статистическая связь не доказывает механику.
Физические бафы,10% Melee & Range Haste,Спек,Runemaster,Engravement,Мили-DPS,Power Engraving,500296,117,104,0.8888888888888888,0.7384505477059851,0.5527272727272727,0,Средняя,0.7635944551083145,На проверку,Melee/Range Haste (10%),Одна фактическая аура может закрывать несколько концептуальных эффектов; статистическая связь не доказывает механику.
Кастерские бафы,Replenishment,Спек,Runemaster,Engravement,Мили-DPS,Power Engraving,500296,117,104,0.8888888888888888,0.7384505477059851,0.5527272727272727,0,Средняя,0.7635944551083145,На проверку,Replenishment,Одна фактическая аура может закрывать несколько концептуальных эффектов; статистическая связь не доказывает механику.
Утилити-дебафы,Healing Reduction,Спек,Runemaster,Engravement,Мили-DPS,Marked: Runic Brand,712323,117,117,1,1,0,1,Высокая,0.9,На проверку,Healing Reduc (30-50%),Одна фактическая аура может закрывать несколько концептуальных эффектов; статистическая связь не доказывает механику.
Утилити-дебафы,Attack Power Reduction,Спек,Runemaster,Engravement,Мили-DPS,Marked: Runic Brand,712323,117,117,1,1,0,1,Высокая,0.9,На проверку,Attack Power Reduction,Одна фактическая аура может закрывать несколько концептуальных эффектов; статистическая связь не доказывает механику.
Кастерские бафы,Intellect,Класс,Chronomancer,Все специализации класса,Рейндж/кастер; Хилер,Greater Chromie's Wisdom,680307,154,135,0.8766233766233766,1,1,0,Высокая,0.9,На проверку,Flat Intellect,Одна фактическая аура может закрывать несколько концептуальных эффектов; статистическая связь не доказывает механику.
Кастерские бафы,Spirit,Класс,Chronomancer,Все специализации класса,Рейндж/кастер; Хилер,Greater Chromie's Wisdom,680307,154,135,0.8766233766233766,1,1,0,Высокая,0.9,На проверку,Flat Spirit,Одна фактическая аура может закрывать несколько концептуальных эффектов; статистическая связь не доказывает механику.
Кастерские бафы,Strong Mana Cooldown,Класс,Chronomancer,Все специализации класса,Рейндж/кастер; Хилер,Greater Chromie's Wisdom,680307,154,135,0.8766233766233766,1,1,0,Высокая,0.9,На проверку,Burst Mana,Одна фактическая аура может закрывать несколько концептуальных эффектов; статистическая связь не доказывает механику.
Утилити-бафы,Amplify Magic,Класс,Chronomancer,Все специализации класса,Рейндж/кастер; Хилер,Greater Chromie's Wisdom,680307,154,135,0.8766233766233766,1,1,0,Высокая,0.9,На проверку,Amplify Magic,Одна фактическая аура может закрывать несколько концептуальных эффектов; статистическая связь не доказывает механику.
Утилити-бафы,Dampen Magic,Класс,Chronomancer,Все специализации класса,Рейндж/кастер; Хилер,Greater Chromie's Wisdom,680307,154,135,0.8766233766233766,1,1,0,Высокая,0.9,На проверку,Dampen Magic,Одна фактическая аура может закрывать несколько концептуальных эффектов; статистическая связь не доказывает механику.
Кастерские бафы,3% Spell Haste,Спек,Chronomancer,Time,Хилер,Mark of Order,806269,56,48,0.8571428571428571,1,1,0,Высокая,0.9,На проверку,Spell Haste (3%),Одна фактическая аура может закрывать несколько концептуальных эффектов; статистическая связь не доказывает механику.
Утилити-бафы,3% Damage Reduction (all),Спек,Chronomancer,Time,Хилер,Mark of Order,806269,56,48,0.8571428571428571,1,1,0,Высокая,0.9,На проверку,Dmg Reduct(-3%),Одна фактическая аура может закрывать несколько концептуальных эффектов; статистическая связь не доказывает механику.
Утилити-бафы,3% Damage Done (all),Спек,Chronomancer,Infinite,Рейндж/кастер,Greater Chromie's Wisdom,680307,38,32,0.8421052631578947,0.1980802792321117,0.9636243386243386,0,Средняя,0.6995200698080279,На проверку,All Damage Done (3%),Одна фактическая аура может закрывать несколько концептуальных эффектов; статистическая связь не доказывает механику.
Магические дебафы,3% Spell Hit,Спек,Chronomancer,Infinite,Рейндж/кастер,Time Means Nothing,572405,38,38,1,1,0,1,Высокая,0.9,На проверку,Spell Hit (3%) DEBUFF,Одна фактическая аура может закрывать несколько концептуальных эффектов; статистическая связь не доказывает механику.
Магические дебафы,10% Spell Damage,Спек,Chronomancer,Infinite,Рейндж/кастер,Time Means Nothing,572405,38,38,1,1,0,1,Высокая,0.9,На проверку,Spell Dmg Taken (10%),Одна фактическая аура может закрывать несколько концептуальных эффектов; статистическая связь не доказывает механику.
Утилити-дебафы,Cast Speed Slow,Спек,Chronomancer,Infinite,Рейндж/кастер,Time Means Nothing,572405,38,38,1,1,0,1,Высокая,0.9,На проверку,Cast Slow 30%,Одна фактическая аура может закрывать несколько концептуальных эффектов; статистическая связь не доказывает механику.
Утилити-бафы,3% Critical Strike (all),Спек,Chronomancer,Artificer,Рейндж/кастер,Greater Chromie's Wisdom,680307,91,70,0.7692307692307693,0.5040721349621873,1,0,Средняя,0.7760180337405469,На проверку,All Crit (3%),Одна фактическая аура может закрывать несколько концептуальных эффектов; статистическая связь не доказывает механику.
Кастерские бафы,Replenishment,Спек,Chronomancer,Artificer,Рейндж/кастер,Greater Chromie's Wisdom,680307,91,70,0.7692307692307693,0.5040721349621873,1,0,Средняя,0.7760180337405469,На проверку,Replenishment,Одна фактическая аура может закрывать несколько концептуальных эффектов; статистическая связь не доказывает механику.
Утилити-дебафы,Attack Speed Slow,Спек,Chronomancer,Artificer,Рейндж/кастер,Elder Wand,560128,91,91,1,1,0,1,Высокая,0.9,На проверку,Attack Speed (Slow),Одна фактическая аура может закрывать несколько концептуальных эффектов; статистическая связь не доказывает механику.
Утилити-дебафы,3% Hit Reduction,Спек,Chronomancer,Artificer,Рейндж/кастер,Elder Wand,560128,91,91,1,1,0,1,Высокая,0.9,На проверку,Insect Swarm Hit (3%),Одна фактическая аура может закрывать несколько концептуальных эффектов; статистическая связь не доказывает механику.
Физические бафы,Stamina,Класс,Necromancer,Все специализации класса,Рейндж/кастер,Greater Razorice,572214,181,130,0.7182320441988951,1,0.9183333333333333,0,Высокая,0.8839042357274403,На проверку,Stamina (Fort),Одна фактическая аура может закрывать несколько концептуальных эффектов; статистическая связь не доказывает механику.
Кастерские бафы,Spell Power,Класс,Necromancer,Все специализации класса,Рейндж/кастер,Greater Razorice,572214,181,130,0.7182320441988951,1,0.9183333333333333,0,Высокая,0.8839042357274403,На проверку,Spell Power Flat,Одна фактическая аура может закрывать несколько концептуальных эффектов; статистическая связь не доказывает механику.
Утилити-бафы,Fire Resistance,Класс,Necromancer,Все специализации класса,Рейндж/кастер,Greater Razorice,572214,181,130,0.7182320441988951,1,0.9183333333333333,0,Высокая,0.8839042357274403,На проверку,Fire,Одна фактическая аура может закрывать несколько концептуальных эффектов; статистическая связь не доказывает механику.
Утилити-бафы,3% Damage Done (all),Спек,Necromancer,Animation,Рейндж/кастер,Greater Razorice,572214,148,96,0.6486486486486487,0.9298654652005419,0.9083333333333333,0,Высокая,0.8311150149487841,На проверку,All Damage Done (3%),Одна фактическая аура может закрывать несколько концептуальных эффектов; статистическая связь не доказывает механику.
Утилити-дебафы,Healing Reduction,Спек,Necromancer,Animation,Рейндж/кастер,Crypt Swarm,501886,148,148,1,0.9724602712372078,0,1,Высокая,0.8931150678093019,На проверку,Healing Reduc (30-50%),Одна фактическая аура может закрывать несколько концептуальных эффектов; статистическая связь не доказывает механику.
Физические дебафы,Armor Reduction,Спек,Necromancer,Animation,Рейндж/кастер,Crypt Swarm,501886,148,148,1,0.9724602712372078,0,1,Высокая,0.8931150678093019,На проверку,% Armor Debuff,Одна фактическая аура может закрывать несколько концептуальных эффектов; статистическая связь не доказывает механику.
Утилити-дебафы,Attack Power Reduction,Спек,Necromancer,Animation,Рейндж/кастер,Crypt Swarm,501886,148,148,1,0.9724602712372078,0,1,Высокая,0.8931150678093019,На проверку,Attack Power Reduction,Одна фактическая аура может закрывать несколько концептуальных эффектов; статистическая связь не доказывает механику.
Утилити-дебафы,Attack Speed Slow,Спек,Necromancer,Animation,Рейндж/кастер,Crypt Swarm,501886,148,148,1,0.9724602712372078,0,1,Высокая,0.8931150678093019,На проверку,Attack Speed (Slow),Одна фактическая аура может закрывать несколько концептуальных эффектов; статистическая связь не доказывает механику.
Кастерские бафы,3% Spell Haste,Спек,Necromancer,Death,Рейндж/кастер,Rotting Flesh,573131,3,3,1,1,0.041666666666666664,0,Низкая,0.5095500000000001,На проверку,Spell Haste (3%),Одна фактическая аура может закрывать несколько концептуальных эффектов; статистическая связь не доказывает механику.
Магические дебафы,10% Spell Damage,Спек,Necromancer,Death,Рейндж/кастер,Crypt Plague,570131,3,3,1,1,0.041666666666666664,1,Средняя,0.7110000000000001,На проверку,Spell Dmg Taken (10%),Одна фактическая аура может закрывать несколько концептуальных эффектов; статистическая связь не доказывает механику.
Утилити-дебафы,Healing Reduction,Спек,Necromancer,Death,Рейндж/кастер,Crypt Plague,570131,3,3,1,1,0.041666666666666664,1,Средняя,0.7110000000000001,На проверку,Healing Reduc (30-50%),Одна фактическая аура может закрывать несколько концептуальных эффектов; статистическая связь не доказывает механику.
Физические дебафы,Armor Reduction,Спек,Necromancer,Death,Рейндж/кастер,Crypt Plague,570131,3,3,1,1,0.041666666666666664,1,Средняя,0.7110000000000001,На проверку,% Armor Debuff,Одна фактическая аура может закрывать несколько концептуальных эффектов; статистическая связь не доказывает механику.
Утилити-дебафы,Attack Power Reduction,Спек,Necromancer,Death,Рейндж/кастер,Crypt Plague,570131,3,3,1,1,0.041666666666666664,1,Средняя,0.7110000000000001,На проверку,Attack Power Reduction,Одна фактическая аура может закрывать несколько концептуальных эффектов; статистическая связь не доказывает механику.
Утилити-дебафы,Attack Speed Slow,Спек,Necromancer,Death,Рейндж/кастер,Crypt Plague,570131,3,3,1,1,0.041666666666666664,1,Средняя,0.7110000000000001,На проверку,Attack Speed (Slow),Одна фактическая аура может закрывать несколько концептуальных эффектов; статистическая связь не доказывает механику.
Утилити-бафы,3% Critical Strike (all),Спек,Necromancer,Rime,Рейндж/кастер,Greater Razorice,572214,56,44,0.7857142857142857,0.0683701439868931,0.9377289377289377,0,Средняя,0.6670925359967232,На проверку,All Crit (3%),Одна фактическая аура может закрывать несколько концептуальных эффектов; статистическая связь не доказывает механику.
Магические дебафы,3% Spell Critical Strike Chance,Спек,Necromancer,Rime,Рейндж/кастер,Frozen,804328,56,56,1,1,0,1,Высокая,0.9,На проверку,Spell Crit Taken Debuff (3%),Одна фактическая аура может закрывать несколько концептуальных эффектов; статистическая связь не доказывает механику.
Утилити-дебафы,Healing Reduction,Спек,Necromancer,Rime,Рейндж/кастер,Frozen,804328,56,56,1,1,0,1,Высокая,0.9,На проверку,Healing Reduc (30-50%),Одна фактическая аура может закрывать несколько концептуальных эффектов; статистическая связь не доказывает механику.
Физические дебафы,Armor Reduction,Спек,Necromancer,Rime,Рейндж/кастер,Frozen,804328,56,56,1,1,0,1,Высокая,0.9,На проверку,% Armor Debuff,Одна фактическая аура может закрывать несколько концептуальных эффектов; статистическая связь не доказывает механику.
Утилити-дебафы,Attack Power Reduction,Спек,Necromancer,Rime,Рейндж/кастер,Frozen,804328,56,56,1,1,0,1,Высокая,0.9,На проверку,Attack Power Reduction,Одна фактическая аура может закрывать несколько концептуальных эффектов; статистическая связь не доказывает механику.
Утилити-дебафы,Attack Speed Slow,Спек,Necromancer,Rime,Рейндж/кастер,Frozen,804328,56,56,1,1,0,1,Высокая,0.9,На проверку,Attack Speed (Slow),Одна фактическая аура может закрывать несколько концептуальных эффектов; статистическая связь не доказывает механику.
Физические бафы,Minor Armor and All Stats,Класс,Venomancer,Все специализации класса,Мили-DPS; Рейндж/кастер; Танк; Хилер,Rejuvenating Venom,630869,176,89,0.5056818181818182,1,0.76,0,Средняя,0.7762121212121212,На проверку,Stats Flat + Armor (MotW),Одна фактическая аура может закрывать несколько концептуальных эффектов; статистическая связь не доказывает механику.
Физические бафы,Agility,Класс,Venomancer,Все специализации класса,Мили-DPS; Рейндж/кастер; Танк; Хилер,Rejuvenating Venom,630869,176,89,0.5056818181818182,1,0.76,0,Средняя,0.7762121212121212,На проверку,Flat Agility,Одна фактическая аура может закрывать несколько концептуальных эффектов; статистическая связь не доказывает механику.
Кастерские бафы,Spirit,Класс,Venomancer,Все специализации класса,Мили-DPS; Рейндж/кастер; Танк; Хилер,Rejuvenating Venom,630869,176,89,0.5056818181818182,1,0.76,0,Средняя,0.7762121212121212,На проверку,Flat Spirit,Одна фактическая аура может закрывать несколько концептуальных эффектов; статистическая связь не доказывает механику.
Утилити-бафы,Fire Resistance,Класс,Venomancer,Все специализации класса,Мили-DPS; Рейндж/кастер; Танк; Хилер,Rejuvenating Venom,630869,176,89,0.5056818181818182,1,0.76,0,Средняя,0.7762121212121212,На проверку,Fire,Одна фактическая аура может закрывать несколько концептуальных эффектов; статистическая связь не доказывает механику.
Магические дебафы,3% Spell Critical Strike Chance,Спек,Venomancer,Stalking,Мили-DPS,Vulnerable,572056,26,26,1,1,0,1,Высокая,0.9,На проверку,Spell Crit Taken Debuff (3%),Одна фактическая аура может закрывать несколько концептуальных эффектов; статистическая связь не доказывает механику.
Утилити-дебафы,Cast Speed Slow,Спек,Venomancer,Stalking,Мили-DPS,Vulnerable,572056,26,26,1,1,0,1,Высокая,0.9,На проверку,Cast Slow 30%,Одна фактическая аура может закрывать несколько концептуальных эффектов; статистическая связь не доказывает механику.
Магические дебафы,10% Spell Damage,Спек,Venomancer,Stalking,Мили-DPS,Vulnerable,572056,26,26,1,1,0,1,Высокая,0.9,На проверку,Spell Dmg Taken (10%),Одна фактическая аура может закрывать несколько концептуальных эффектов; статистическая связь не доказывает механику.
Утилити-бафы,6% Healing Done,Спек,Venomancer,Vizier,Хилер,Mycelial Healing,806454,59,59,1,0.9999775270798688,1,0,Высокая,0.9999943817699671,На проверку,6% Healing Taken,Одна фактическая аура может закрывать несколько концептуальных эффектов; статистическая связь не доказывает механику.
Кастерские бафы,Replenishment,Спек,Venomancer,Vizier,Хилер,Mending Mist,502957,59,57,0.9661016949152542,1,0.8,0,Высокая,0.9,На проверку,Replenishment,Одна фактическая аура может закрывать несколько концептуальных эффектов; статистическая связь не доказывает механику.
Утилити-дебафы,Cast Speed Slow,Спек,Venomancer,Vizier,Хилер,Myotoxin,572304,59,6,0.1016949152542373,0.2978723404255319,0,1,Низкая,0.3959935088351966,На проверку,Cast Slow 30%,Одна фактическая аура может закрывать несколько концептуальных эффектов; статистическая связь не доказывает механику.
Утилити-бафы,3% Damage Reduction (all),Спек,Venomancer,Fortitude,Танк,Locust Swarm,560247,96,71,0.7395833333333334,1,0.043478260869565216,0,Средняя,0.6403743961352657,На проверку,Dmg Reduct(-3%),Одна фактическая аура может закрывать несколько концептуальных эффектов; статистическая связь не доказывает механику.
Утилити-дебафы,Cast Speed Slow,Спек,Venomancer,Fortitude,Танк,Beetle Slime,704347,96,86,0.8958333333333334,1,0,1,Высокая,0.9,На проверку,Cast Slow 30%,Одна фактическая аура может закрывать несколько концептуальных эффектов; статистическая связь не доказывает механику.
Утилити-дебафы,Attack Speed Slow,Спек,Venomancer,Fortitude,Танк,Beetle Slime,704347,96,86,0.8958333333333334,1,0,1,Высокая,0.9,На проверку,Attack Speed (Slow),Одна фактическая аура может закрывать несколько концептуальных эффектов; статистическая связь не доказывает механику.
Утилити-дебафы,3% Hit Reduction,Спек,Venomancer,Fortitude,Танк,Beetle Slime,704347,96,86,0.8958333333333334,1,0,1,Высокая,0.9,На проверку,Insect Swarm Hit (3%),Одна фактическая аура может закрывать несколько концептуальных эффектов; статистическая связь не доказывает механику.
Кастерские бафы,3% Spell Haste,Спек,Venomancer,Rot,Рейндж/кастер,Venoxis Rage,805431,68,63,0.9264705882352942,1,0,0,Средняя,0.63,На проверку,Spell Haste (3%),Одна фактическая аура может закрывать несколько концептуальных эффектов; статистическая связь не доказывает механику.
Магические дебафы,3% Spell Hit,Спек,Venomancer,Rot,Рейндж/кастер,Fungal Growth,804971,68,68,1,1,0,1,Высокая,0.9,На проверку,Spell Hit (3%) DEBUFF,Одна фактическая аура может закрывать несколько концептуальных эффектов; статистическая связь не доказывает механику.
Утилити-дебафы,Healing Reduction,Спек,Venomancer,Rot,Рейндж/кастер,Fungal Growth,804971,68,68,1,1,0,1,Высокая,0.9,На проверку,Healing Reduc (30-50%),Одна фактическая аура может закрывать несколько концептуальных эффектов; статистическая связь не доказывает механику.
Утилити-дебафы,Cast Speed Slow,Спек,Venomancer,Rot,Рейндж/кастер,Fungal Growth,804971,68,68,1,1,0,1,Высокая,0.9,На проверку,Cast Slow 30%,Одна фактическая аура может закрывать несколько концептуальных эффектов; статистическая связь не доказывает механику.
Физические бафы,Attack Power,Класс,Tinker,Все специализации класса,Рейндж/кастер; Хилер,Greater Power Module,680315,176,126,0.7159090909090909,1,0.9615384615384616,0,Высокая,0.9077272727272728,На проверку,AP Flat (Shout),Одна фактическая аура может закрывать несколько концептуальных эффектов; статистическая связь не доказывает механику.
Кастерские бафы,Mana Regeneration,Класс,Tinker,Все специализации класса,Рейндж/кастер; Хилер,Steam Vent,572369,176,173,0.9829545454545454,1,0.9166666666666666,0,Высокая,0.9,На проверку,Mp5,Одна фактическая аура может закрывать несколько концептуальных эффектов; статистическая связь не доказывает механику.
Кастерские бафы,Strong Mana Cooldown,Класс,Tinker,Все специализации класса,Рейндж/кастер; Хилер,Steam Vent,572369,176,173,0.9829545454545454,1,0.9166666666666666,0,Высокая,0.9,На проверку,Burst Mana,Одна фактическая аура может закрывать несколько концептуальных эффектов; статистическая связь не доказывает механику.
Утилити-бафы,Concentration,Класс,Tinker,Все специализации класса,Рейндж/кастер; Хилер,Steam Vent,572369,176,173,0.9829545454545454,1,0.9166666666666666,0,Высокая,0.9,На проверку,Concentration,Одна фактическая аура может закрывать несколько концептуальных эффектов; статистическая связь не доказывает механику.
Утилити-бафы,Amplify Magic,Класс,Tinker,Все специализации класса,Рейндж/кастер; Хилер,Steam Vent,572369,176,173,0.9829545454545454,1,0.9166666666666666,0,Высокая,0.9,На проверку,Amplify Magic,Одна фактическая аура может закрывать несколько концептуальных эффектов; статистическая связь не доказывает механику.
Физические бафы,5% Attack Power,Спек,Tinker,Demolition,Рейндж/кастер,Steam Vent,572369,80,80,1,0.1575339767579279,0.9523809523809523,0,Средняя,0.689383494189482,На проверку,Attack Power %,Одна фактическая аура может закрывать несколько концептуальных эффектов; статистическая связь не доказывает механику.
Утилити-дебафы,Attack Power Reduction,Спек,Tinker,Demolition,Рейндж/кастер,Bomb Toss,572053,80,80,1,1,0,1,Высокая,0.9,На проверку,Attack Power Reduction,Одна фактическая аура может закрывать несколько концептуальных эффектов; статистическая связь не доказывает механику.
Физические бафы,10% Melee & Range Haste,Спек,Tinker,Mechanics,Рейндж/кастер,Steam Vent,572369,75,69,0.92,0.15892259208193815,0.9166666666666666,0,Средняя,0.6897306480204846,На проверку,Melee/Range Haste (10%),Одна фактическая аура может закрывать несколько концептуальных эффектов; статистическая связь не доказывает механику.
Физические дебафы,Armor Reduction,Спек,Tinker,Mechanics,Рейндж/кастер,Gatling Gun,500213,75,74,0.9866666666666667,1,0,1,Высокая,0.9,На проверку,% Armor Debuff,Одна фактическая аура может закрывать несколько концептуальных эффектов; статистическая связь не доказывает механику.
Кастерские бафы,3% Spell Haste,Спек,Tinker,Invention,Хилер,Rejuvenating Gas,706255,116,104,0.896551724137931,1,0.6243386243386244,0,Высокая,0.8547619047619048,На проверку,Spell Haste (3%),Одна фактическая аура может закрывать несколько концептуальных эффектов; статистическая связь не доказывает механику.
Утилити-бафы,3% Damage Reduction (all),Спек,Tinker,Invention,Хилер,Rejuvenating Gas,706255,116,104,0.896551724137931,1,0.6243386243386244,0,Высокая,0.8547619047619048,На проверку,Dmg Reduct(-3%),Одна фактическая аура может закрывать несколько концептуальных эффектов; статистическая связь не доказывает механику.
Утилити-бафы,6% Healing Done,Спек,Tinker,Invention,Хилер,Rejuvenating Gas,706255,116,104,0.896551724137931,1,0.6243386243386244,0,Высокая,0.8547619047619048,На проверку,6% Healing Taken,Одна фактическая аура может закрывать несколько концептуальных эффектов; статистическая связь не доказывает механику.
